{
  "uuid": "4d1ee2b1-7ad7-3314-8eba-b3e775317934",
  "starterPrompted": true,
  "starterLocked": false,
  "starterSelected": true,
  "starterUUID": "70a177a7-e838-4542-b83d-f46fac83c9ed",
  "keyItems": [],
  "battleTheme": "cobblemon:battle.pvp.default",
  "extraData": {
    "cobbledex_discovery": {
      "registers": {
        "treecko": {
          "normal": {
            "isShiny": false,
            "status": "CAUGHT",
            "discoveredTimestamp": 1728180855481,
            "caughtTimestamp": 1728180855481
          }
        },
        "machop": {
          "normal": {
            "isShiny": false,
            "status": "CAUGHT",
            "discoveredTimestamp": 1728185919430,
            "caughtTimestamp": 1728185919430
          }
        },
        "haunter": {
          "normal": {
            "isShiny": false,
            "status": "CAUGHT",
            "discoveredTimestamp": 1728258777119,
            "caughtTimestamp": 1728258777119
          }
        },
        "fraxure": {
          "normal": {
            "isShiny": false,
            "status": "CAUGHT",
            "discoveredTimestamp": 1728259206927,
            "caughtTimestamp": 1728259206927
          }
        },
        "pidgeotto": {
          "normal": {
            "isShiny": false,
            "status": "CAUGHT",
            "discoveredTimestamp": 1728259558445,
            "caughtTimestamp": 1728259558445
          }
        },
        "golduck": {
          "normal": {
            "isShiny": false,
            "status": "CAUGHT",
            "discoveredTimestamp": 1728260216358,
            "caughtTimestamp": 1728260216358
          }
        },
        "shiftry": {
          "normal": {
            "isShiny": false,
            "status": "CAUGHT",
            "discoveredTimestamp": 1728261100460,
            "caughtTimestamp": 1728261100460
          }
        },
        "magikarp": {
          "normal": {
            "isShiny": false,
            "status": "CAUGHT",
            "discoveredTimestamp": 1728261315874,
            "caughtTimestamp": 1728261315874
          }
        },
        "seedot": {
          "normal": {
            "isShiny": true,
            "status": "CAUGHT",
            "discoveredTimestamp": 1728261459568,
            "caughtTimestamp": 1728261459568
          }
        },
        "ursaring": {
          "normal": {
            "isShiny": false,
            "status": "CAUGHT",
            "discoveredTimestamp": 1728265719812,
            "caughtTimestamp": 1728265719812
          }
        },
        "phione": {
          "normal": {
            "isShiny": false,
            "status": "CAUGHT",
            "discoveredTimestamp": 1728267466626,
            "caughtTimestamp": 1728267466626
          }
        },
        "gyarados": {
          "normal": {
            "isShiny": false,
            "status": "CAUGHT",
            "discoveredTimestamp": 1728279833986,
            "caughtTimestamp": 1728279833986
          }
        },
        "muk": {
          "alola": {
            "isShiny": false,
            "status": "CAUGHT",
            "discoveredTimestamp": 1728340865897,
            "caughtTimestamp": 1728340865897
          }
        },
        "lapras": {
          "normal": {
            "isShiny": false,
            "status": "CAUGHT",
            "discoveredTimestamp": 1728341139242,
            "caughtTimestamp": 1728341139242
          }
        }
      },
      "name": "cobbledex_discovery"
    },
    "Cobbledex_RewardHistory": {
      "received": [],
      "name": "Cobbledex_RewardHistory"
    }
  },
  "advancementData": {
    "totalCaptureCount": 11,
    "totalEggsHatched": 0,
    "totalEvolvedCount": 1,
    "totalBattleVictoryCount": 13,
    "totalPvPBattleVictoryCount": 0,
    "totalPvWBattleVictoryCount": 13,
    "totalPvNBattleVictoryCount": 0,
    "totalShinyCaptureCount": 1,
    "totalTradedCount": 2,
    "totalTypeCaptureCounts": {
      "fighting": 1,
      "dragon": 1,
      "normal": 2,
      "flying": 1,
      "water": 4,
      "grass": 2,
      "dark": 2,
      "poison": 1,
      "ice": 1
    },
    "totalDefeatedCounts": {
      "cobblemon:wooloo": 1,
      "cobblemon:combee": 1,
      "cobblemon:swanna": 1,
      "cobblemon:hawlucha": 1,
      "cobblemon:excadrill": 1,
      "cobblemon:teddiursa": 2
    },
    "aspectsCollected": {}
  }
}