{
  "uuid": "3153228a-f480-32b2-94cb-ad919aac79a0",
  "starterPrompted": true,
  "starterLocked": false,
  "starterSelected": true,
  "starterUUID": "99158047-6bd0-4a66-aa38-e943dd8c55fc",
  "keyItems": [],
  "battleTheme": "cobblemon:battle.pvp.default",
  "extraData": {
    "cobbledex_discovery": {
      "registers": {
        "mudkip": {
          "normal": {
            "isShiny": false,
            "status": "CAUGHT",
            "discoveredTimestamp": 1728275466880,
            "caughtTimestamp": 1728275466880
          }
        },
        "wimpod": {
          "normal": {
            "isShiny": false,
            "status": "CAUGHT",
            "discoveredTimestamp": 1728275979767,
            "caughtTimestamp": 1728275979767
          }
        },
        "gengar": {
          "normal": {
            "isShiny": false,
            "status": "CAUGHT",
            "discoveredTimestamp": 1728275999208,
            "caughtTimestamp": 1728275999208
          }
        },
        "starly": {
          "normal": {
            "isShiny": false,
            "status": "CAUGHT",
            "discoveredTimestamp": 1728277549502,
            "caughtTimestamp": 1728277549502
          }
        },
        "magikarp": {
          "normal": {
            "isShiny": false,
            "status": "CAUGHT",
            "discoveredTimestamp": 1728330941081,
            "caughtTimestamp": 1728330941081
          }
        },
        "marshtomp": {
          "normal": {
            "isShiny": false,
            "status": "CAUGHT",
            "discoveredTimestamp": 1728332301936,
            "caughtTimestamp": 1728332301936
          }
        },
        "gyarados": {
          "normal": {
            "isShiny": false,
            "status": "CAUGHT",
            "discoveredTimestamp": 1728332927806,
            "caughtTimestamp": 1728332927806
          }
        }
      },
      "name": "cobbledex_discovery"
    },
    "Cobbledex_RewardHistory": {
      "received": [],
      "name": "Cobbledex_RewardHistory"
    }
  },
  "advancementData": {
    "totalCaptureCount": 3,
    "totalEggsHatched": 0,
    "totalEvolvedCount": 2,
    "totalBattleVictoryCount": 8,
    "totalPvPBattleVictoryCount": 0,
    "totalPvWBattleVictoryCount": 8,
    "totalPvNBattleVictoryCount": 0,
    "totalShinyCaptureCount": 0,
    "totalTradedCount": 1,
    "totalTypeCaptureCounts": {
      "bug": 1,
      "water": 2,
      "normal": 1,
      "flying": 1
    },
    "totalDefeatedCounts": {
      "cobblemon:crabrawler": 1,
      "cobblemon:bunnelby": 1,
      "cobblemon:buneary": 1,
      "cobblemon:sentret": 2,
      "cobblemon:deerling": 1
    },
    "aspectsCollected": {}
  }
}