{
  "registers": {
    "froakie": {
      "normal": {
        "isShiny": false,
        "status": "CAUGHT",
        "discoveredTimestamp": 1728178709341,
        "caughtTimestamp": 1728178709341
      }
    },
    "kakuna": {
      "normal": {
        "isShiny": false,
        "status": "SEEN",
        "discoveredTimestamp": 1728178757216
      }
    },
    "starly": {
      "normal": {
        "isShiny": true,
        "status": "CAUGHT",
        "discoveredTimestamp": 1728178766369,
        "caughtTimestamp": 1728258453075
      }
    },
    "charmander": {
      "normal": {
        "isShiny": false,
        "status": "CAUGHT",
        "discoveredTimestamp": 1728180521569,
        "caughtTimestamp": 1728180521569
      }
    },
    "treecko": {
      "normal": {
        "isShiny": false,
        "status": "CAUGHT",
        "discoveredTimestamp": 1728180855482,
        "caughtTimestamp": 1728180855482
      }
    },
    "litten": {
      "normal": {
        "isShiny": false,
        "status": "CAUGHT",
        "discoveredTimestamp": 1728180890726,
        "caughtTimestamp": 1728180890726
      }
    },
    "machop": {
      "normal": {
        "isShiny": false,
        "status": "CAUGHT",
        "discoveredTimestamp": 1728185919433,
        "caughtTimestamp": 1728185919433
      }
    },
    "taillow": {
      "normal": {
        "isShiny": false,
        "status": "CAUGHT",
        "discoveredTimestamp": 1728236706041,
        "caughtTimestamp": 1728236706041
      }
    },
    "torracat": {
      "normal": {
        "isShiny": false,
        "status": "CAUGHT",
        "discoveredTimestamp": 1728245387946,
        "caughtTimestamp": 1728245387946
      }
    },
    "frogadier": {
      "normal": {
        "isShiny": false,
        "status": "CAUGHT",
        "discoveredTimestamp": 1728247050580,
        "caughtTimestamp": 1728247050580
      }
    },
    "pidgey": {
      "normal": {
        "isShiny": false,
        "status": "CAUGHT",
        "discoveredTimestamp": 1728249783570,
        "caughtTimestamp": 1728249783570
      }
    },
    "pidgeotto": {
      "normal": {
        "isShiny": false,
        "status": "CAUGHT",
        "discoveredTimestamp": 1728249795745,
        "caughtTimestamp": 1728249795745
      }
    },
    "golem": {
      "alola": {
        "isShiny": false,
        "status": "CAUGHT",
        "discoveredTimestamp": 1728250785828,
        "caughtTimestamp": 1728250785828
      }
    },
    "incineroar": {
      "normal": {
        "isShiny": false,
        "status": "CAUGHT",
        "discoveredTimestamp": 1728250798138,
        "caughtTimestamp": 1728250798138
      }
    },
    "flaaffy": {
      "normal": {
        "isShiny": false,
        "status": "CAUGHT",
        "discoveredTimestamp": 1728250833098,
        "caughtTimestamp": 1728250833098
      }
    },
    "ampharos": {
      "normal": {
        "isShiny": false,
        "status": "CAUGHT",
        "discoveredTimestamp": 1728250843613,
        "caughtTimestamp": 1728250843613
      }
    },
    "tyranitar": {
      "normal": {
        "isShiny": false,
        "status": "CAUGHT",
        "discoveredTimestamp": 1728251030000,
        "caughtTimestamp": 1728251030000
      }
    },
    "magikarp": {
      "normal": {
        "isShiny": false,
        "status": "CAUGHT",
        "discoveredTimestamp": 1728251877331,
        "caughtTimestamp": 1728251877331
      }
    },
    "gyarados": {
      "normal": {
        "isShiny": false,
        "status": "CAUGHT",
        "discoveredTimestamp": 1728251887963,
        "caughtTimestamp": 1728251887963
      }
    },
    "rhyhorn": {
      "normal": {
        "isShiny": false,
        "status": "CAUGHT",
        "discoveredTimestamp": 1728252847696,
        "caughtTimestamp": 1728252847696
      }
    },
    "tauros": {
      "normal": {
        "isShiny": false,
        "status": "CAUGHT",
        "discoveredTimestamp": 1728253049647,
        "caughtTimestamp": 1728253049647
      },
      "paldeaaqua": {
        "isShiny": false,
        "status": "CAUGHT",
        "discoveredTimestamp": 1728259751638,
        "caughtTimestamp": 1728259751638
      }
    },
    "chikorita": {
      "normal": {
        "isShiny": false,
        "status": "CAUGHT",
        "discoveredTimestamp": 1728253291454,
        "caughtTimestamp": 1728253291454
      }
    },
    "buneary": {
      "normal": {
        "isShiny": false,
        "status": "CAUGHT",
        "discoveredTimestamp": 1728253373128,
        "caughtTimestamp": 1728253373128
      }
    },
    "dubwool": {
      "normal": {
        "isShiny": false,
        "status": "CAUGHT",
        "discoveredTimestamp": 1728253439742,
        "caughtTimestamp": 1728253439742
      }
    },
    "gimmighoul": {
      "normal": {
        "isShiny": false,
        "status": "CAUGHT",
        "discoveredTimestamp": 1728253504586,
        "caughtTimestamp": 1728253504586
      }
    },
    "turtwig": {
      "normal": {
        "isShiny": false,
        "status": "CAUGHT",
        "discoveredTimestamp": 1728254653464,
        "caughtTimestamp": 1728254653464
      }
    },
    "eevee": {
      "normal": {
        "isShiny": false,
        "status": "CAUGHT",
        "discoveredTimestamp": 1728255361054,
        "caughtTimestamp": 1728255361054
      }
    },
    "pidgeot": {
      "normal": {
        "isShiny": false,
        "status": "CAUGHT",
        "discoveredTimestamp": 1728255529133,
        "caughtTimestamp": 1728255529133
      }
    },
    "snorlax": {
      "normal": {
        "isShiny": false,
        "status": "CAUGHT",
        "discoveredTimestamp": 1728255982282,
        "caughtTimestamp": 1728255982282
      }
    },
    "growlithe": {
      "normal": {
        "isShiny": false,
        "status": "CAUGHT",
        "discoveredTimestamp": 1728256883283,
        "caughtTimestamp": 1728256883283
      }
    },
    "piplup": {
      "normal": {
        "isShiny": false,
        "status": "CAUGHT",
        "discoveredTimestamp": 1728257240688,
        "caughtTimestamp": 1728257240688
      }
    },
    "machoke": {
      "normal": {
        "isShiny": false,
        "status": "CAUGHT",
        "discoveredTimestamp": 1728257321729,
        "caughtTimestamp": 1728257321729
      }
    },
    "fletchling": {
      "normal": {
        "isShiny": false,
        "status": "CAUGHT",
        "discoveredTimestamp": 1728257451227,
        "caughtTimestamp": 1728257451227
      }
    },
    "greninja": {
      "normal": {
        "isShiny": false,
        "status": "CAUGHT",
        "discoveredTimestamp": 1728257477660,
        "caughtTimestamp": 1728257477660
      }
    },
    "honchkrow": {
      "normal": {
        "isShiny": false,
        "status": "CAUGHT",
        "discoveredTimestamp": 1728258156018,
        "caughtTimestamp": 1728258156018
      }
    },
    "gastly": {
      "normal": {
        "isShiny": false,
        "status": "CAUGHT",
        "discoveredTimestamp": 1728258173550,
        "caughtTimestamp": 1728258173550
      }
    },
    "sneasler": {
      "normal": {
        "isShiny": false,
        "status": "CAUGHT",
        "discoveredTimestamp": 1728258342718,
        "caughtTimestamp": 1728258342718
      }
    },
    "staravia": {
      "normal": {
        "isShiny": false,
        "status": "CAUGHT",
        "discoveredTimestamp": 1728258505932,
        "caughtTimestamp": 1728258505932
      }
    },
    "pichu": {
      "normal": {
        "isShiny": false,
        "status": "CAUGHT",
        "discoveredTimestamp": 1728258584924,
        "caughtTimestamp": 1728258584924
      }
    },
    "haunter": {
      "normal": {
        "isShiny": false,
        "status": "CAUGHT",
        "discoveredTimestamp": 1728258588326,
        "caughtTimestamp": 1728258588326
      }
    },
    "zigzagoon": {
      "normal": {
        "isShiny": false,
        "status": "CAUGHT",
        "discoveredTimestamp": 1728258760694,
        "caughtTimestamp": 1728258760694
      }
    },
    "gengar": {
      "normal": {
        "isShiny": false,
        "status": "CAUGHT",
        "discoveredTimestamp": 1728258802052,
        "caughtTimestamp": 1728258802052
      }
    },
    "fraxure": {
      "normal": {
        "isShiny": false,
        "status": "CAUGHT",
        "discoveredTimestamp": 1728259206928,
        "caughtTimestamp": 1728259206928
      }
    },
    "charmeleon": {
      "normal": {
        "isShiny": false,
        "status": "CAUGHT",
        "discoveredTimestamp": 1728259439066,
        "caughtTimestamp": 1728259439066
      }
    },
    "mareep": {
      "normal": {
        "isShiny": false,
        "status": "CAUGHT",
        "discoveredTimestamp": 1728259516853,
        "caughtTimestamp": 1728259516853
      }
    },
    "talonflame": {
      "normal": {
        "isShiny": false,
        "status": "CAUGHT",
        "discoveredTimestamp": 1728259588639,
        "caughtTimestamp": 1728259588639
      }
    },
    "combee": {
      "normal": {
        "isShiny": false,
        "status": "CAUGHT",
        "discoveredTimestamp": 1728259659117,
        "caughtTimestamp": 1728259659117
      }
    },
    "corvisquire": {
      "normal": {
        "isShiny": false,
        "status": "CAUGHT",
        "discoveredTimestamp": 1728260058876,
        "caughtTimestamp": 1728260058876
      }
    },
    "pikachu": {
      "normal": {
        "isShiny": false,
        "status": "CAUGHT",
        "discoveredTimestamp": 1728260075522,
        "caughtTimestamp": 1728260075522
      }
    },
    "golduck": {
      "normal": {
        "isShiny": false,
        "status": "CAUGHT",
        "discoveredTimestamp": 1728260216359,
        "caughtTimestamp": 1728260216359
      }
    },
    "arcanine": {
      "normal": {
        "isShiny": false,
        "status": "CAUGHT",
        "discoveredTimestamp": 1728260596477,
        "caughtTimestamp": 1728260596477
      }
    },
    "shiftry": {
      "normal": {
        "isShiny": false,
        "status": "CAUGHT",
        "discoveredTimestamp": 1728261100460,
        "caughtTimestamp": 1728261100460
      }
    },
    "sharpedo": {
      "normal": {
        "isShiny": false,
        "status": "CAUGHT",
        "discoveredTimestamp": 1728261424314,
        "caughtTimestamp": 1728261424314
      }
    },
    "seedot": {
      "normal": {
        "isShiny": true,
        "status": "CAUGHT",
        "discoveredTimestamp": 1728261459568,
        "caughtTimestamp": 1728261459568
      }
    },
    "minior": {
      "normal": {
        "isShiny": false,
        "status": "CAUGHT",
        "discoveredTimestamp": 1728262514738,
        "caughtTimestamp": 1728262514738
      }
    },
    "shroomish": {
      "normal": {
        "isShiny": false,
        "status": "CAUGHT",
        "discoveredTimestamp": 1728262554124,
        "caughtTimestamp": 1728262554124
      }
    },
    "darumaka": {
      "normal": {
        "isShiny": false,
        "status": "CAUGHT",
        "discoveredTimestamp": 1728262640869,
        "caughtTimestamp": 1728262640869
      }
    },
    "shellder": {
      "normal": {
        "isShiny": true,
        "status": "CAUGHT",
        "discoveredTimestamp": 1728262824710,
        "caughtTimestamp": 1728262824710
      }
    },
    "diggersby": {
      "normal": {
        "isShiny": false,
        "status": "CAUGHT",
        "discoveredTimestamp": 1728263831945,
        "caughtTimestamp": 1728263831945
      }
    },
    "ursaring": {
      "normal": {
        "isShiny": false,
        "status": "CAUGHT",
        "discoveredTimestamp": 1728265719813,
        "caughtTimestamp": 1728265719813
      }
    },
    "phione": {
      "normal": {
        "isShiny": false,
        "status": "CAUGHT",
        "discoveredTimestamp": 1728267466626,
        "caughtTimestamp": 1728267466626
      }
    },
    "machamp": {
      "normal": {
        "isShiny": false,
        "status": "CAUGHT",
        "discoveredTimestamp": 1728268132230,
        "caughtTimestamp": 1728268132230
      }
    },
    "marill": {
      "normal": {
        "isShiny": false,
        "status": "CAUGHT",
        "discoveredTimestamp": 1728268322927,
        "caughtTimestamp": 1728268322927
      }
    },
    "beedrill": {
      "normal": {
        "isShiny": false,
        "status": "CAUGHT",
        "discoveredTimestamp": 1728269042236,
        "caughtTimestamp": 1728269042236
      }
    },
    "pidove": {
      "normal": {
        "isShiny": true,
        "status": "CAUGHT",
        "discoveredTimestamp": 1728269072243,
        "caughtTimestamp": 1728269072243
      }
    },
    "charizard": {
      "normal": {
        "isShiny": false,
        "status": "CAUGHT",
        "discoveredTimestamp": 1728269399193,
        "caughtTimestamp": 1728269399193
      }
    },
    "seaking": {
      "normal": {
        "isShiny": true,
        "status": "CAUGHT",
        "discoveredTimestamp": 1728270664335,
        "caughtTimestamp": 1728270664335
      }
    },
    "florges": {
      "normal": {
        "isShiny": false,
        "status": "CAUGHT",
        "discoveredTimestamp": 1728270918082,
        "caughtTimestamp": 1728270918082
      }
    },
    "torchic": {
      "normal": {
        "isShiny": false,
        "status": "CAUGHT",
        "discoveredTimestamp": 1728271110940,
        "caughtTimestamp": 1728271110940
      }
    },
    "haxorus": {
      "normal": {
        "isShiny": false,
        "status": "CAUGHT",
        "discoveredTimestamp": 1728271398687,
        "caughtTimestamp": 1728271398687
      }
    },
    "fletchinder": {
      "normal": {
        "isShiny": false,
        "status": "CAUGHT",
        "discoveredTimestamp": 1728271504753,
        "caughtTimestamp": 1728271504753
      }
    },
    "wigglytuff": {
      "normal": {
        "isShiny": false,
        "status": "CAUGHT",
        "discoveredTimestamp": 1728271985640,
        "caughtTimestamp": 1728271985640
      }
    },
    "avalugg": {
      "normal": {
        "isShiny": false,
        "status": "CAUGHT",
        "discoveredTimestamp": 1728272691987,
        "caughtTimestamp": 1728272691987
      },
      "hisui": {
        "isShiny": false,
        "status": "CAUGHT",
        "discoveredTimestamp": 1728333145177,
        "caughtTimestamp": 1728333145177
      }
    },
    "cubchoo": {
      "normal": {
        "isShiny": false,
        "status": "CAUGHT",
        "discoveredTimestamp": 1728272723533,
        "caughtTimestamp": 1728272723533
      }
    },
    "snorunt": {
      "normal": {
        "isShiny": false,
        "status": "CAUGHT",
        "discoveredTimestamp": 1728272806561,
        "caughtTimestamp": 1728272806561
      }
    },
    "slowbro": {
      "normal": {
        "isShiny": false,
        "status": "CAUGHT",
        "discoveredTimestamp": 1728273040488,
        "caughtTimestamp": 1728273040488
      }
    },
    "swinub": {
      "normal": {
        "isShiny": false,
        "status": "CAUGHT",
        "discoveredTimestamp": 1728273100932,
        "caughtTimestamp": 1728273100932
      }
    },
    "piloswine": {
      "normal": {
        "isShiny": false,
        "status": "CAUGHT",
        "discoveredTimestamp": 1728273171888,
        "caughtTimestamp": 1728273171888
      }
    },
    "grimer": {
      "alola": {
        "isShiny": false,
        "status": "CAUGHT",
        "discoveredTimestamp": 1728273341133,
        "caughtTimestamp": 1728273341133
      }
    },
    "mrmime": {
      "galar": {
        "isShiny": false,
        "status": "CAUGHT",
        "discoveredTimestamp": 1728273574943,
        "caughtTimestamp": 1728273574943
      }
    },
    "wiglett": {
      "normal": {
        "isShiny": false,
        "status": "CAUGHT",
        "discoveredTimestamp": 1728273727796,
        "caughtTimestamp": 1728273727796
      }
    },
    "ponyta": {
      "galar": {
        "isShiny": false,
        "status": "CAUGHT",
        "discoveredTimestamp": 1728273865380,
        "caughtTimestamp": 1728273865380
      },
      "normal": {
        "isShiny": false,
        "status": "CAUGHT",
        "discoveredTimestamp": 1728336507644,
        "caughtTimestamp": 1728336547139
      }
    },
    "mudkip": {
      "normal": {
        "isShiny": false,
        "status": "CAUGHT",
        "discoveredTimestamp": 1728275466883,
        "caughtTimestamp": 1728275466883
      }
    },
    "axew": {
      "normal": {
        "isShiny": false,
        "status": "CAUGHT",
        "discoveredTimestamp": 1728275539102,
        "caughtTimestamp": 1728275539102
      }
    },
    "muk": {
      "alola": {
        "isShiny": false,
        "status": "CAUGHT",
        "discoveredTimestamp": 1728275850866,
        "caughtTimestamp": 1728275850866
      }
    },
    "morgrem": {
      "normal": {
        "isShiny": false,
        "status": "CAUGHT",
        "discoveredTimestamp": 1728275899601,
        "caughtTimestamp": 1728275899601
      }
    },
    "wimpod": {
      "normal": {
        "isShiny": false,
        "status": "CAUGHT",
        "discoveredTimestamp": 1728275979768,
        "caughtTimestamp": 1728275979768
      }
    },
    "combusken": {
      "normal": {
        "isShiny": false,
        "status": "CAUGHT",
        "discoveredTimestamp": 1728276161904,
        "caughtTimestamp": 1728276161904
      }
    },
    "yamper": {
      "normal": {
        "isShiny": false,
        "status": "CAUGHT",
        "discoveredTimestamp": 1728276307640,
        "caughtTimestamp": 1728276307640
      }
    },
    "petilil": {
      "hisuibias": {
        "isShiny": false,
        "status": "CAUGHT",
        "discoveredTimestamp": 1728276378201,
        "caughtTimestamp": 1728276378201
      }
    },
    "lycanroc": {
      "normal": {
        "isShiny": false,
        "status": "CAUGHT",
        "discoveredTimestamp": 1728278759810,
        "caughtTimestamp": 1728278759810
      }
    },
    "vivillon": {
      "normal": {
        "isShiny": false,
        "status": "CAUGHT",
        "discoveredTimestamp": 1728278853388,
        "caughtTimestamp": 1728278853388
      }
    },
    "nymble": {
      "normal": {
        "isShiny": false,
        "status": "CAUGHT",
        "discoveredTimestamp": 1728278924180,
        "caughtTimestamp": 1728278924180
      }
    },
    "koffing": {
      "normal": {
        "isShiny": false,
        "status": "CAUGHT",
        "discoveredTimestamp": 1728278964687,
        "caughtTimestamp": 1728278964687
      }
    },
    "bisharp": {
      "normal": {
        "isShiny": false,
        "status": "CAUGHT",
        "discoveredTimestamp": 1728279069879,
        "caughtTimestamp": 1728279069879
      }
    },
    "emolga": {
      "normal": {
        "isShiny": false,
        "status": "CAUGHT",
        "discoveredTimestamp": 1728280124375,
        "caughtTimestamp": 1728280124375
      }
    },
    "salandit": {
      "normal": {
        "isShiny": false,
        "status": "CAUGHT",
        "discoveredTimestamp": 1728281005047,
        "caughtTimestamp": 1728281005047
      }
    },
    "jigglypuff": {
      "normal": {
        "isShiny": false,
        "status": "CAUGHT",
        "discoveredTimestamp": 1728329190108,
        "caughtTimestamp": 1728329190108
      }
    },
    "prinplup": {
      "normal": {
        "isShiny": false,
        "status": "CAUGHT",
        "discoveredTimestamp": 1728329950294,
        "caughtTimestamp": 1728329950294
      }
    },
    "munchlax": {
      "normal": {
        "isShiny": false,
        "status": "CAUGHT",
        "discoveredTimestamp": 1728330462093,
        "caughtTimestamp": 1728330462093
      }
    },
    "skiddo": {
      "normal": {
        "isShiny": false,
        "status": "CAUGHT",
        "discoveredTimestamp": 1728330780692,
        "caughtTimestamp": 1728330780692
      }
    },
    "zorua": {
      "normal": {
        "isShiny": false,
        "status": "CAUGHT",
        "discoveredTimestamp": 1728331060443,
        "caughtTimestamp": 1728331060443
      }
    },
    "blaziken": {
      "normal": {
        "isShiny": false,
        "status": "CAUGHT",
        "discoveredTimestamp": 1728331668809,
        "caughtTimestamp": 1728331668809
      }
    },
    "marshtomp": {
      "normal": {
        "isShiny": false,
        "status": "CAUGHT",
        "discoveredTimestamp": 1728332301937,
        "caughtTimestamp": 1728332301937
      }
    },
    "mimejr": {
      "normal": {
        "isShiny": false,
        "status": "SEEN",
        "discoveredTimestamp": 1728332799929
      }
    },
    "oinkologne": {
      "normal": {
        "isShiny": false,
        "status": "SEEN",
        "discoveredTimestamp": 1728332820943
      }
    },
    "ditto": {
      "normal": {
        "isShiny": false,
        "status": "CAUGHT",
        "discoveredTimestamp": 1728333582245,
        "caughtTimestamp": 1728333582245
      }
    },
    "lokix": {
      "normal": {
        "isShiny": false,
        "status": "SEEN",
        "discoveredTimestamp": 1728334747534
      }
    },
    "tinkatink": {
      "normal": {
        "isShiny": false,
        "status": "SEEN",
        "discoveredTimestamp": 1728334768911
      }
    },
    "shinx": {
      "normal": {
        "isShiny": false,
        "status": "CAUGHT",
        "discoveredTimestamp": 1728334794069,
        "caughtTimestamp": 1728334794069
      }
    },
    "tandemaus": {
      "normal": {
        "isShiny": false,
        "status": "SEEN",
        "discoveredTimestamp": 1728334968444
      }
    },
    "sneasel": {
      "normal": {
        "isShiny": false,
        "status": "SEEN",
        "discoveredTimestamp": 1728335372246
      }
    },
    "butterfree": {
      "normal": {
        "isShiny": false,
        "status": "CAUGHT",
        "discoveredTimestamp": 1728335699374,
        "caughtTimestamp": 1728335699374
      }
    },
    "whimsicott": {
      "normal": {
        "isShiny": false,
        "status": "CAUGHT",
        "discoveredTimestamp": 1728335831935,
        "caughtTimestamp": 1728335831935
      }
    },
    "wingull": {
      "normal": {
        "isShiny": false,
        "status": "CAUGHT",
        "discoveredTimestamp": 1728336222638,
        "caughtTimestamp": 1728336222638
      }
    },
    "pelipper": {
      "normal": {
        "isShiny": false,
        "status": "CAUGHT",
        "discoveredTimestamp": 1728336238036,
        "caughtTimestamp": 1728336238036
      }
    },
    "empoleon": {
      "normal": {
        "isShiny": false,
        "status": "CAUGHT",
        "discoveredTimestamp": 1728336349542,
        "caughtTimestamp": 1728336349542
      }
    },
    "luxio": {
      "normal": {
        "isShiny": false,
        "status": "CAUGHT",
        "discoveredTimestamp": 1728336414767,
        "caughtTimestamp": 1728336414767
      }
    },
    "electivire": {
      "normal": {
        "isShiny": false,
        "status": "CAUGHT",
        "discoveredTimestamp": 1728336435242,
        "caughtTimestamp": 1728336435242
      }
    },
    "obstagoon": {
      "normal": {
        "isShiny": false,
        "status": "CAUGHT",
        "discoveredTimestamp": 1728336763545,
        "caughtTimestamp": 1728336763545
      }
    },
    "natu": {
      "normal": {
        "isShiny": false,
        "status": "SEEN",
        "discoveredTimestamp": 1728337178754
      }
    },
    "luxray": {
      "normal": {
        "isShiny": false,
        "status": "CAUGHT",
        "discoveredTimestamp": 1728337248575,
        "caughtTimestamp": 1728337248575
      }
    },
    "igglybuff": {
      "normal": {
        "isShiny": true,
        "status": "CAUGHT",
        "discoveredTimestamp": 1728337477914,
        "caughtTimestamp": 1728337477914
      }
    },
    "phanpy": {
      "normal": {
        "isShiny": false,
        "status": "SEEN",
        "discoveredTimestamp": 1728337839797
      }
    },
    "azumarill": {
      "normal": {
        "isShiny": false,
        "status": "SEEN",
        "discoveredTimestamp": 1728337974144
      }
    },
    "nickit": {
      "normal": {
        "isShiny": false,
        "status": "SEEN",
        "discoveredTimestamp": 1728338970753
      }
    },
    "lilligant": {
      "normal": {
        "isShiny": false,
        "status": "SEEN",
        "discoveredTimestamp": 1728339003526
      }
    },
    "lapras": {
      "normal": {
        "isShiny": false,
        "status": "CAUGHT",
        "discoveredTimestamp": 1728341139243,
        "caughtTimestamp": 1728341139243
      }
    },
    "espathra": {
      "normal": {
        "isShiny": false,
        "status": "SEEN",
        "discoveredTimestamp": 1728345138357
      }
    },
    "woobat": {
      "normal": {
        "isShiny": true,
        "status": "CAUGHT",
        "discoveredTimestamp": 1728345337479,
        "caughtTimestamp": 1728345337479
      }
    }
  }
}