{
  "registers": {
    "froakie": {
      "normal": {
        "isShiny": false,
        "status": "CAUGHT",
        "discoveredTimestamp": 1728178709341,
        "caughtTimestamp": 1728178709341
      }
    },
    "kakuna": {
      "normal": {
        "isShiny": false,
        "status": "SEEN",
        "discoveredTimestamp": 1728178757216
      }
    },
    "starly": {
      "normal": {
        "isShiny": false,
        "status": "SEEN",
        "discoveredTimestamp": 1728178766369
      }
    }
  }
}