{
  "registers": {
    "froakie": {
      "normal": {
        "isShiny": false,
        "status": "CAUGHT",
        "discoveredTimestamp": 1728178709341,
        "caughtTimestamp": 1728178709341
      }
    },
    "kakuna": {
      "normal": {
        "isShiny": false,
        "status": "SEEN",
        "discoveredTimestamp": 1728178757216
      }
    },
    "starly": {
      "normal": {
        "isShiny": false,
        "status": "SEEN",
        "discoveredTimestamp": 1728178766369
      }
    },
    "charmander": {
      "normal": {
        "isShiny": false,
        "status": "CAUGHT",
        "discoveredTimestamp": 1728180521569,
        "caughtTimestamp": 1728180521569
      }
    },
    "treecko": {
      "normal": {
        "isShiny": false,
        "status": "CAUGHT",
        "discoveredTimestamp": 1728180855482,
        "caughtTimestamp": 1728180855482
      }
    },
    "litten": {
      "normal": {
        "isShiny": false,
        "status": "CAUGHT",
        "discoveredTimestamp": 1728180890726,
        "caughtTimestamp": 1728180890726
      }
    }
  }
}