{
  "uuid": "b78e9cf2-002d-3b58-bc69-99ceef67e644",
  "starterPrompted": true,
  "starterLocked": false,
  "starterSelected": true,
  "starterUUID": "31a3ad0b-b7a7-45d7-a475-e2925b3c0e74",
  "keyItems": [],
  "battleTheme": "cobblemon:battle.pvp.default",
  "extraData": {
    "cobbledex_discovery": {
      "registers": {
        "froakie": {
          "normal": {
            "isShiny": false,
            "status": "CAUGHT",
            "discoveredTimestamp": 1728178754282,
            "caughtTimestamp": 1728178754282
          }
        },
        "kakuna": {
          "normal": {
            "isShiny": false,
            "status": "SEEN",
            "discoveredTimestamp": 1728178757215
          }
        },
        "starly": {
          "normal": {
            "isShiny": false,
            "status": "SEEN",
            "discoveredTimestamp": 1728178766369
          }
        },
        "frogadier": {
          "normal": {
            "isShiny": false,
            "status": "CAUGHT",
            "discoveredTimestamp": 1728252449236,
            "caughtTimestamp": 1728252449236
          }
        },
        "rhyhorn": {
          "normal": {
            "isShiny": false,
            "status": "CAUGHT",
            "discoveredTimestamp": 1728252847696,
            "caughtTimestamp": 1728252847696
          }
        },
        "tauros": {
          "normal": {
            "isShiny": false,
            "status": "CAUGHT",
            "discoveredTimestamp": 1728253049647,
            "caughtTimestamp": 1728253049647
          }
        },
        "gimmighoul": {
          "normal": {
            "isShiny": false,
            "status": "CAUGHT",
            "discoveredTimestamp": 1728253504586,
            "caughtTimestamp": 1728253504586
          }
        },
        "pidgeotto": {
          "normal": {
            "isShiny": false,
            "status": "CAUGHT",
            "discoveredTimestamp": 1728255225930,
            "caughtTimestamp": 1728255225930
          }
        },
        "eevee": {
          "normal": {
            "isShiny": false,
            "status": "CAUGHT",
            "discoveredTimestamp": 1728255361054,
            "caughtTimestamp": 1728255361054
          }
        },
        "honchkrow": {
          "normal": {
            "isShiny": false,
            "status": "CAUGHT",
            "discoveredTimestamp": 1728258156018,
            "caughtTimestamp": 1728258156018
          }
        },
        "pichu": {
          "normal": {
            "isShiny": false,
            "status": "CAUGHT",
            "discoveredTimestamp": 1728258584923,
            "caughtTimestamp": 1728258584923
          }
        },
        "pikachu": {
          "normal": {
            "isShiny": false,
            "status": "CAUGHT",
            "discoveredTimestamp": 1728260075521,
            "caughtTimestamp": 1728260075521
          }
        },
        "sharpedo": {
          "normal": {
            "isShiny": false,
            "status": "CAUGHT",
            "discoveredTimestamp": 1728261424313,
            "caughtTimestamp": 1728261424313
          }
        },
        "gastly": {
          "normal": {
            "isShiny": false,
            "status": "CAUGHT",
            "discoveredTimestamp": 1728263179064,
            "caughtTimestamp": 1728263179064
          }
        },
        "haunter": {
          "normal": {
            "isShiny": false,
            "status": "CAUGHT",
            "discoveredTimestamp": 1728263251029,
            "caughtTimestamp": 1728263251029
          }
        },
        "golduck": {
          "normal": {
            "isShiny": false,
            "status": "CAUGHT",
            "discoveredTimestamp": 1728264140769,
            "caughtTimestamp": 1728264140769
          }
        },
        "jigglypuff": {
          "normal": {
            "isShiny": false,
            "status": "CAUGHT",
            "discoveredTimestamp": 1728329190102,
            "caughtTimestamp": 1728329190102
          }
        },
        "magikarp": {
          "normal": {
            "isShiny": false,
            "status": "CAUGHT",
            "discoveredTimestamp": 1728329499387,
            "caughtTimestamp": 1728329499387
          }
        },
        "gyarados": {
          "normal": {
            "isShiny": false,
            "status": "CAUGHT",
            "discoveredTimestamp": 1728330951283,
            "caughtTimestamp": 1728330951283
          }
        },
        "mimejr": {
          "normal": {
            "isShiny": false,
            "status": "SEEN",
            "discoveredTimestamp": 1728332799928
          }
        },
        "yamper": {
          "normal": {
            "isShiny": false,
            "status": "SEEN",
            "discoveredTimestamp": 1728332805357
          }
        },
        "oinkologne": {
          "normal": {
            "isShiny": false,
            "status": "SEEN",
            "discoveredTimestamp": 1728332820942
          }
        },
        "avalugg": {
          "hisui": {
            "isShiny": false,
            "status": "CAUGHT",
            "discoveredTimestamp": 1728333145176,
            "caughtTimestamp": 1728333145176
          }
        },
        "ditto": {
          "normal": {
            "isShiny": false,
            "status": "CAUGHT",
            "discoveredTimestamp": 1728333582245,
            "caughtTimestamp": 1728333582245
          }
        },
        "lokix": {
          "normal": {
            "isShiny": false,
            "status": "SEEN",
            "discoveredTimestamp": 1728334747533
          }
        },
        "tinkatink": {
          "normal": {
            "isShiny": false,
            "status": "SEEN",
            "discoveredTimestamp": 1728334768911
          }
        },
        "tandemaus": {
          "normal": {
            "isShiny": false,
            "status": "SEEN",
            "discoveredTimestamp": 1728334968443
          }
        },
        "sneasel": {
          "normal": {
            "isShiny": false,
            "status": "SEEN",
            "discoveredTimestamp": 1728335372246
          }
        },
        "butterfree": {
          "normal": {
            "isShiny": false,
            "status": "CAUGHT",
            "discoveredTimestamp": 1728335699374,
            "caughtTimestamp": 1728335699374
          }
        },
        "whimsicott": {
          "normal": {
            "isShiny": false,
            "status": "CAUGHT",
            "discoveredTimestamp": 1728335831934,
            "caughtTimestamp": 1728335831934
          }
        },
        "electivire": {
          "normal": {
            "isShiny": false,
            "status": "CAUGHT",
            "discoveredTimestamp": 1728336435242,
            "caughtTimestamp": 1728336435242
          }
        },
        "ponyta": {
          "normal": {
            "isShiny": false,
            "status": "CAUGHT",
            "discoveredTimestamp": 1728336507644,
            "caughtTimestamp": 1728336547139
          }
        },
        "obstagoon": {
          "normal": {
            "isShiny": false,
            "status": "CAUGHT",
            "discoveredTimestamp": 1728336763545,
            "caughtTimestamp": 1728336763545
          }
        },
        "greninja": {
          "normal": {
            "isShiny": false,
            "status": "CAUGHT",
            "discoveredTimestamp": 1728336934324,
            "caughtTimestamp": 1728336934324
          }
        },
        "natu": {
          "normal": {
            "isShiny": false,
            "status": "SEEN",
            "discoveredTimestamp": 1728337178753
          }
        },
        "pidgeot": {
          "normal": {
            "isShiny": false,
            "status": "CAUGHT",
            "discoveredTimestamp": 1728337404624,
            "caughtTimestamp": 1728337404624
          }
        },
        "phanpy": {
          "normal": {
            "isShiny": false,
            "status": "SEEN",
            "discoveredTimestamp": 1728337839796
          }
        },
        "azumarill": {
          "normal": {
            "isShiny": false,
            "status": "SEEN",
            "discoveredTimestamp": 1728337974143
          }
        },
        "nickit": {
          "normal": {
            "isShiny": false,
            "status": "SEEN",
            "discoveredTimestamp": 1728338970752
          }
        },
        "lilligant": {
          "normal": {
            "isShiny": false,
            "status": "SEEN",
            "discoveredTimestamp": 1728339003525
          }
        },
        "espathra": {
          "normal": {
            "isShiny": false,
            "status": "SEEN",
            "discoveredTimestamp": 1728345138356
          }
        },
        "woobat": {
          "normal": {
            "isShiny": true,
            "status": "CAUGHT",
            "discoveredTimestamp": 1728345337478,
            "caughtTimestamp": 1728345337478
          }
        },
        "shellder": {
          "normal": {
            "isShiny": true,
            "status": "CAUGHT",
            "discoveredTimestamp": 1728345881401,
            "caughtTimestamp": 1728345881401
          }
        }
      },
      "name": "cobbledex_discovery"
    },
    "Cobbledex_RewardHistory": {
      "received": [
        "15"
      ],
      "name": "Cobbledex_RewardHistory"
    }
  },
  "advancementData": {
    "totalCaptureCount": 23,
    "totalEggsHatched": 0,
    "totalEvolvedCount": 4,
    "totalBattleVictoryCount": 57,
    "totalPvPBattleVictoryCount": 0,
    "totalPvWBattleVictoryCount": 57,
    "totalPvNBattleVictoryCount": 0,
    "totalShinyCaptureCount": 2,
    "totalTradedCount": 0,
    "totalTypeCaptureCounts": {
      "ground": 1,
      "rock": 2,
      "normal": 7,
      "ghost": 2,
      "flying": 5,
      "dark": 3,
      "electric": 3,
      "water": 4,
      "poison": 1,
      "fairy": 2,
      "ice": 1,
      "bug": 1,
      "grass": 1,
      "fire": 1,
      "psychic": 1
    },
    "totalDefeatedCounts": {
      "cobblemon:skiddo": 2,
      "cobblemon:wooloo": 1,
      "cobblemon:bunnelby": 1,
      "cobblemon:ponyta": 1,
      "cobblemon:gimmighoul": 6,
      "cobblemon:geodude": 1,
      "cobblemon:vulpix": 1,
      "cobblemon:sentret": 2,
      "cobblemon:combee": 2,
      "cobblemon:magikarp": 1,
      "cobblemon:growlithe": 2,
      "cobblemon:copperajah": 1,
      "cobblemon:machoke": 1,
      "cobblemon:koffing": 1,
      "cobblemon:jigglypuff": 1,
      "cobblemon:makuhita": 1,
      "cobblemon:petilil": 1,
      "cobblemon:stonjourner": 1,
      "cobblemon:buneary": 1,
      "cobblemon:sneasel": 1,
      "cobblemon:starly": 1,
      "cobblemon:machop": 1,
      "cobblemon:swellow": 1,
      "cobblemon:doduo": 1,
      "cobblemon:arbok": 1
    },
    "aspectsCollected": {}
  }
}