{
  "uuid": "aa5e617b-0c8a-3bf6-bad2-12ba50aadbb4",
  "starterPrompted": true,
  "starterLocked": false,
  "starterSelected": true,
  "starterUUID": "e39d2cdf-5e51-4f3b-b0d8-f92d46507153",
  "keyItems": [],
  "battleTheme": "cobblemon:battle.pvp.default",
  "extraData": {
    "cobbledex_discovery": {
      "registers": {
        "charmander": {
          "normal": {
            "isShiny": false,
            "status": "CAUGHT",
            "discoveredTimestamp": 1728180521564,
            "caughtTimestamp": 1728180521564
          }
        },
        "machoke": {
          "normal": {
            "isShiny": false,
            "status": "CAUGHT",
            "discoveredTimestamp": 1728258323332,
            "caughtTimestamp": 1728258323332
          }
        },
        "pidgeotto": {
          "normal": {
            "isShiny": false,
            "status": "CAUGHT",
            "discoveredTimestamp": 1728259044737,
            "caughtTimestamp": 1728259044737
          }
        },
        "charmeleon": {
          "normal": {
            "isShiny": false,
            "status": "CAUGHT",
            "discoveredTimestamp": 1728259439065,
            "caughtTimestamp": 1728259439065
          }
        },
        "minior": {
          "normal": {
            "isShiny": false,
            "status": "CAUGHT",
            "discoveredTimestamp": 1728262514737,
            "caughtTimestamp": 1728262514737
          }
        },
        "darumaka": {
          "normal": {
            "isShiny": false,
            "status": "CAUGHT",
            "discoveredTimestamp": 1728262640869,
            "caughtTimestamp": 1728262640869
          }
        },
        "magikarp": {
          "normal": {
            "isShiny": false,
            "status": "CAUGHT",
            "discoveredTimestamp": 1728264331193,
            "caughtTimestamp": 1728264331193
          }
        },
        "golduck": {
          "normal": {
            "isShiny": false,
            "status": "CAUGHT",
            "discoveredTimestamp": 1728264580922,
            "caughtTimestamp": 1728264580922
          }
        },
        "gyarados": {
          "normal": {
            "isShiny": false,
            "status": "CAUGHT",
            "discoveredTimestamp": 1728264629267,
            "caughtTimestamp": 1728264629267
          }
        },
        "machamp": {
          "normal": {
            "isShiny": false,
            "status": "CAUGHT",
            "discoveredTimestamp": 1728268141482,
            "caughtTimestamp": 1728268141482
          }
        },
        "marill": {
          "normal": {
            "isShiny": false,
            "status": "CAUGHT",
            "discoveredTimestamp": 1728268322926,
            "caughtTimestamp": 1728268322926
          }
        },
        "beedrill": {
          "normal": {
            "isShiny": false,
            "status": "CAUGHT",
            "discoveredTimestamp": 1728269042235,
            "caughtTimestamp": 1728269042235
          }
        },
        "charizard": {
          "normal": {
            "isShiny": false,
            "status": "CAUGHT",
            "discoveredTimestamp": 1728269399192,
            "caughtTimestamp": 1728269399192
          }
        },
        "seaking": {
          "normal": {
            "isShiny": true,
            "status": "CAUGHT",
            "discoveredTimestamp": 1728270664335,
            "caughtTimestamp": 1728270664335
          }
        },
        "florges": {
          "normal": {
            "isShiny": false,
            "status": "CAUGHT",
            "discoveredTimestamp": 1728270918080,
            "caughtTimestamp": 1728270918080
          }
        },
        "honchkrow": {
          "normal": {
            "isShiny": false,
            "status": "CAUGHT",
            "discoveredTimestamp": 1728271740131,
            "caughtTimestamp": 1728271740131
          }
        },
        "ponyta": {
          "galar": {
            "isShiny": false,
            "status": "CAUGHT",
            "discoveredTimestamp": 1728273865380,
            "caughtTimestamp": 1728273865380
          }
        }
      },
      "name": "cobbledex_discovery"
    },
    "Cobbledex_RewardHistory": {
      "received": [
        "15"
      ],
      "name": "Cobbledex_RewardHistory"
    }
  },
  "advancementData": {
    "totalCaptureCount": 12,
    "totalEggsHatched": 0,
    "totalEvolvedCount": 4,
    "totalBattleVictoryCount": 79,
    "totalPvPBattleVictoryCount": 0,
    "totalPvWBattleVictoryCount": 79,
    "totalPvNBattleVictoryCount": 0,
    "totalShinyCaptureCount": 1,
    "totalTradedCount": 2,
    "totalTypeCaptureCounts": {
      "fighting": 1,
      "normal": 1,
      "flying": 3,
      "rock": 1,
      "fire": 1,
      "water": 4,
      "fairy": 2,
      "bug": 1,
      "poison": 1,
      "dark": 1,
      "psychic": 1
    },
    "totalDefeatedCounts": {
      "cobblemon:seedot": 2,
      "cobblemon:pineco": 1,
      "cobblemon:buneary": 4,
      "cobblemon:koffing": 1,
      "cobblemon:taillow": 2,
      "cobblemon:sentret": 2,
      "cobblemon:phanpy": 1,
      "cobblemon:purrloin": 1,
      "cobblemon:pidgey": 4,
      "cobblemon:snorunt": 1,
      "cobblemon:gimmighoul": 1,
      "cobblemon:dewpider": 3,
      "cobblemon:joltik": 1,
      "cobblemon:impidimp": 1,
      "cobblemon:bisharp": 2,
      "cobblemon:crabrawler": 4,
      "cobblemon:wingull": 1,
      "cobblemon:diglett": 1,
      "cobblemon:zubat": 3,
      "cobblemon:lechonk": 1,
      "cobblemon:deerling": 1,
      "cobblemon:zigzagoon": 2,
      "cobblemon:phantump": 1,
      "cobblemon:grimer": 5,
      "cobblemon:drilbur": 2,
      "cobblemon:excadrill": 1,
      "cobblemon:psyduck": 1,
      "cobblemon:machop": 1,
      "cobblemon:pawniard": 1,
      "cobblemon:rookidee": 1,
      "cobblemon:murkrow": 2,
      "cobblemon:kakuna": 1,
      "cobblemon:heatmor": 1,
      "cobblemon:pichu": 1,
      "cobblemon:geodude": 2,
      "cobblemon:caterpie": 1,
      "cobblemon:diggersby": 1,
      "cobblemon:lopunny": 1,
      "cobblemon:araquanid": 1,
      "cobblemon:krabby": 1,
      "cobblemon:wiglett": 1,
      "cobblemon:vivillon": 1,
      "cobblemon:bunnelby": 1
    },
    "aspectsCollected": {}
  }
}