{
  "uuid": "d082d548-ff24-3c02-ad24-a0b62e19fb18",
  "starterPrompted": true,
  "starterLocked": false,
  "starterSelected": true,
  "starterUUID": "de06fb60-2d1a-4f40-a5f4-f7534b405776",
  "keyItems": [],
  "battleTheme": "cobblemon:battle.pvp.default",
  "extraData": {
    "cobbledex_discovery": {
      "registers": {
        "litten": {
          "normal": {
            "isShiny": false,
            "status": "CAUGHT",
            "discoveredTimestamp": 1728180890724,
            "caughtTimestamp": 1728180890724
          }
        },
        "torracat": {
          "normal": {
            "isShiny": false,
            "status": "CAUGHT",
            "discoveredTimestamp": 1728245387946,
            "caughtTimestamp": 1728245387946
          }
        },
        "golem": {
          "alola": {
            "isShiny": false,
            "status": "CAUGHT",
            "discoveredTimestamp": 1728250785828,
            "caughtTimestamp": 1728250785828
          }
        },
        "incineroar": {
          "normal": {
            "isShiny": false,
            "status": "CAUGHT",
            "discoveredTimestamp": 1728250798137,
            "caughtTimestamp": 1728250798137
          }
        },
        "flaaffy": {
          "normal": {
            "isShiny": false,
            "status": "CAUGHT",
            "discoveredTimestamp": 1728250833097,
            "caughtTimestamp": 1728250833097
          }
        },
        "ampharos": {
          "normal": {
            "isShiny": false,
            "status": "CAUGHT",
            "discoveredTimestamp": 1728250843612,
            "caughtTimestamp": 1728250843612
          }
        },
        "magikarp": {
          "normal": {
            "isShiny": false,
            "status": "CAUGHT",
            "discoveredTimestamp": 1728251877331,
            "caughtTimestamp": 1728251877331
          }
        },
        "gyarados": {
          "normal": {
            "isShiny": false,
            "status": "CAUGHT",
            "discoveredTimestamp": 1728251887962,
            "caughtTimestamp": 1728251887962
          }
        },
        "buneary": {
          "normal": {
            "isShiny": false,
            "status": "CAUGHT",
            "discoveredTimestamp": 1728253373128,
            "caughtTimestamp": 1728253373128
          }
        },
        "dubwool": {
          "normal": {
            "isShiny": false,
            "status": "CAUGHT",
            "discoveredTimestamp": 1728253439742,
            "caughtTimestamp": 1728253439742
          }
        },
        "pidgeotto": {
          "normal": {
            "isShiny": false,
            "status": "CAUGHT",
            "discoveredTimestamp": 1728254036986,
            "caughtTimestamp": 1728254036986
          }
        },
        "pidgeot": {
          "normal": {
            "isShiny": false,
            "status": "CAUGHT",
            "discoveredTimestamp": 1728255529132,
            "caughtTimestamp": 1728255529132
          }
        },
        "snorlax": {
          "normal": {
            "isShiny": false,
            "status": "CAUGHT",
            "discoveredTimestamp": 1728255982282,
            "caughtTimestamp": 1728255982282
          }
        },
        "fletchling": {
          "normal": {
            "isShiny": false,
            "status": "CAUGHT",
            "discoveredTimestamp": 1728257451227,
            "caughtTimestamp": 1728257451227
          }
        },
        "gastly": {
          "normal": {
            "isShiny": false,
            "status": "CAUGHT",
            "discoveredTimestamp": 1728258173548,
            "caughtTimestamp": 1728258173548
          }
        },
        "sneasler": {
          "normal": {
            "isShiny": false,
            "status": "CAUGHT",
            "discoveredTimestamp": 1728258342717,
            "caughtTimestamp": 1728258342717
          }
        },
        "haunter": {
          "normal": {
            "isShiny": false,
            "status": "CAUGHT",
            "discoveredTimestamp": 1728258588325,
            "caughtTimestamp": 1728258588325
          }
        },
        "machop": {
          "normal": {
            "isShiny": false,
            "status": "CAUGHT",
            "discoveredTimestamp": 1728258777120,
            "caughtTimestamp": 1728258777120
          }
        },
        "gengar": {
          "normal": {
            "isShiny": false,
            "status": "CAUGHT",
            "discoveredTimestamp": 1728258802052,
            "caughtTimestamp": 1728258802052
          }
        },
        "torchic": {
          "normal": {
            "isShiny": false,
            "status": "CAUGHT",
            "discoveredTimestamp": 1728271110939,
            "caughtTimestamp": 1728271110939
          }
        },
        "haxorus": {
          "normal": {
            "isShiny": false,
            "status": "CAUGHT",
            "discoveredTimestamp": 1728271398687,
            "caughtTimestamp": 1728271398687
          }
        },
        "fletchinder": {
          "normal": {
            "isShiny": false,
            "status": "CAUGHT",
            "discoveredTimestamp": 1728271504752,
            "caughtTimestamp": 1728271504752
          }
        },
        "talonflame": {
          "normal": {
            "isShiny": false,
            "status": "CAUGHT",
            "discoveredTimestamp": 1728271993989,
            "caughtTimestamp": 1728271993989
          }
        },
        "avalugg": {
          "normal": {
            "isShiny": false,
            "status": "CAUGHT",
            "discoveredTimestamp": 1728272691987,
            "caughtTimestamp": 1728272691987
          }
        },
        "cubchoo": {
          "normal": {
            "isShiny": false,
            "status": "CAUGHT",
            "discoveredTimestamp": 1728272723532,
            "caughtTimestamp": 1728272723532
          }
        },
        "snorunt": {
          "normal": {
            "isShiny": false,
            "status": "CAUGHT",
            "discoveredTimestamp": 1728272806560,
            "caughtTimestamp": 1728272806560
          }
        },
        "slowbro": {
          "normal": {
            "isShiny": false,
            "status": "CAUGHT",
            "discoveredTimestamp": 1728273040488,
            "caughtTimestamp": 1728273040488
          }
        },
        "swinub": {
          "normal": {
            "isShiny": false,
            "status": "CAUGHT",
            "discoveredTimestamp": 1728273100932,
            "caughtTimestamp": 1728273100932
          }
        },
        "piloswine": {
          "normal": {
            "isShiny": false,
            "status": "CAUGHT",
            "discoveredTimestamp": 1728273171888,
            "caughtTimestamp": 1728273171888
          }
        },
        "grimer": {
          "alola": {
            "isShiny": false,
            "status": "CAUGHT",
            "discoveredTimestamp": 1728273341131,
            "caughtTimestamp": 1728273341131
          }
        },
        "mrmime": {
          "galar": {
            "isShiny": false,
            "status": "CAUGHT",
            "discoveredTimestamp": 1728273574943,
            "caughtTimestamp": 1728273574943
          }
        },
        "wiglett": {
          "normal": {
            "isShiny": false,
            "status": "CAUGHT",
            "discoveredTimestamp": 1728273727795,
            "caughtTimestamp": 1728273727795
          }
        },
        "axew": {
          "normal": {
            "isShiny": false,
            "status": "CAUGHT",
            "discoveredTimestamp": 1728275539101,
            "caughtTimestamp": 1728275539101
          }
        },
        "muk": {
          "alola": {
            "isShiny": false,
            "status": "CAUGHT",
            "discoveredTimestamp": 1728275850864,
            "caughtTimestamp": 1728275850864
          }
        },
        "morgrem": {
          "normal": {
            "isShiny": false,
            "status": "CAUGHT",
            "discoveredTimestamp": 1728275899601,
            "caughtTimestamp": 1728275899601
          }
        },
        "wimpod": {
          "normal": {
            "isShiny": false,
            "status": "CAUGHT",
            "discoveredTimestamp": 1728275999210,
            "caughtTimestamp": 1728275999210
          }
        },
        "combusken": {
          "normal": {
            "isShiny": false,
            "status": "CAUGHT",
            "discoveredTimestamp": 1728276161902,
            "caughtTimestamp": 1728276161902
          }
        },
        "yamper": {
          "normal": {
            "isShiny": false,
            "status": "CAUGHT",
            "discoveredTimestamp": 1728276307620,
            "caughtTimestamp": 1728276307620
          }
        },
        "petilil": {
          "hisuibias": {
            "isShiny": false,
            "status": "CAUGHT",
            "discoveredTimestamp": 1728276378200,
            "caughtTimestamp": 1728276378200
          }
        },
        "lycanroc": {
          "normal": {
            "isShiny": false,
            "status": "CAUGHT",
            "discoveredTimestamp": 1728278759807,
            "caughtTimestamp": 1728278759807
          }
        },
        "vivillon": {
          "normal": {
            "isShiny": false,
            "status": "CAUGHT",
            "discoveredTimestamp": 1728278853387,
            "caughtTimestamp": 1728278853387
          }
        },
        "nymble": {
          "normal": {
            "isShiny": false,
            "status": "CAUGHT",
            "discoveredTimestamp": 1728278924179,
            "caughtTimestamp": 1728278924179
          }
        },
        "koffing": {
          "normal": {
            "isShiny": false,
            "status": "CAUGHT",
            "discoveredTimestamp": 1728278964687,
            "caughtTimestamp": 1728278964687
          }
        },
        "bisharp": {
          "normal": {
            "isShiny": false,
            "status": "CAUGHT",
            "discoveredTimestamp": 1728279069878,
            "caughtTimestamp": 1728279069878
          }
        },
        "machoke": {
          "normal": {
            "isShiny": false,
            "status": "CAUGHT",
            "discoveredTimestamp": 1728279545231,
            "caughtTimestamp": 1728279545231
          }
        },
        "emolga": {
          "normal": {
            "isShiny": false,
            "status": "CAUGHT",
            "discoveredTimestamp": 1728280124374,
            "caughtTimestamp": 1728280124374
          }
        },
        "salandit": {
          "normal": {
            "isShiny": false,
            "status": "CAUGHT",
            "discoveredTimestamp": 1728281005046,
            "caughtTimestamp": 1728281005046
          }
        },
        "blaziken": {
          "normal": {
            "isShiny": false,
            "status": "CAUGHT",
            "discoveredTimestamp": 1728334479924,
            "caughtTimestamp": 1728334479924
          }
        },
        "igglybuff": {
          "normal": {
            "isShiny": true,
            "status": "CAUGHT",
            "discoveredTimestamp": 1728337477914,
            "caughtTimestamp": 1728337477914
          }
        }
      },
      "name": "cobbledex_discovery"
    },
    "Cobbledex_RewardHistory": {
      "received": [
        "15",
        "30",
        "45"
      ],
      "name": "Cobbledex_RewardHistory"
    }
  },
  "advancementData": {
    "totalCaptureCount": 37,
    "totalEggsHatched": 0,
    "totalEvolvedCount": 11,
    "totalBattleVictoryCount": 146,
    "totalPvPBattleVictoryCount": 0,
    "totalPvWBattleVictoryCount": 146,
    "totalPvNBattleVictoryCount": 0,
    "totalShinyCaptureCount": 1,
    "totalTradedCount": 5,
    "totalTypeCaptureCounts": {
      "rock": 2,
      "electric": 4,
      "water": 3,
      "normal": 6,
      "flying": 4,
      "ghost": 2,
      "poison": 7,
      "fighting": 2,
      "fire": 2,
      "dragon": 2,
      "ice": 7,
      "psychic": 2,
      "ground": 3,
      "dark": 4,
      "fairy": 2,
      "grass": 1,
      "bug": 2,
      "steel": 1
    },
    "totalDefeatedCounts": {
      "cobblemon:bisharp": 10,
      "cobblemon:sentret": 7,
      "cobblemon:hoppip": 5,
      "cobblemon:snorunt": 1,
      "cobblemon:lechonk": 3,
      "cobblemon:pawniard": 16,
      "cobblemon:drilbur": 1,
      "cobblemon:whimsicott": 1,
      "cobblemon:combee": 6,
      "cobblemon:zigzagoon": 9,
      "cobblemon:wooloo": 5,
      "cobblemon:cottonee": 5,
      "cobblemon:deerling": 1,
      "cobblemon:skiddo": 5,
      "cobblemon:bunnelby": 6,
      "cobblemon:buneary": 2,
      "cobblemon:durant": 1,
      "cobblemon:taillow": 1,
      "cobblemon:rookidee": 2,
      "cobblemon:ursaring": 1,
      "cobblemon:seedot": 1,
      "cobblemon:starly": 1,
      "cobblemon:flaaffy": 1,
      "cobblemon:petilil": 1,
      "cobblemon:tauros": 10,
      "cobblemon:bouffalant": 4,
      "cobblemon:natu": 2,
      "cobblemon:exeggcute": 1,
      "cobblemon:pidove": 2,
      "cobblemon:machop": 2,
      "cobblemon:geodude": 2,
      "cobblemon:mareep": 2,
      "cobblemon:butterfree": 1,
      "cobblemon:pidgey": 1,
      "cobblemon:vivillon": 1,
      "cobblemon:graveler": 1,
      "cobblemon:eevee": 1,
      "cobblemon:pawmi": 1,
      "cobblemon:gimmighoul": 2,
      "cobblemon:miltank": 1,
      "cobblemon:nosepass": 1,
      "cobblemon:zubat": 1,
      "cobblemon:rattata": 1,
      "cobblemon:machamp": 1
    },
    "aspectsCollected": {
      "cobblemon:vivillon": [
        "vivillon-wings-continental"
      ]
    }
  }
}