{"stats":{"minecraft:dropped":{"minecraft:pointed_dripstone":4,"minecraft:rotten_flesh":8,"minecraft:wooden_axe":1,"ftbquests:book":2,"minecraft:egg":1},"minecraft:killed":{"cobblemon:pokemon":1},"minecraft:picked_up":{"minecraft:wooden_axe":1,"minecraft:crafting_table":6,"cobblemon:great_ball":5,"cobblemon:yellow_apricorn":12,"cobblemon:red_apricorn":6,"minecraft:packed_mud":2,"minecraft:oak_log":57,"minecraft:string":2,"minecraft:dirt":6,"minecraft:white_banner":1,"minecraft:raw_copper":49,"minecraft:bone":1,"minecraft:apple":11,"automobility:dash_panel":2,"cobblemon:exp_share":1,"cobblemon:green_apricorn":6,"ftbquests:book":2,"minecraft:iron_ingot":1,"minecraft:oak_boat":2,"minecraft:rabbit":1,"minecraft:melon_slice":36,"minecraft:chest":2,"minecraft:birch_sapling":1,"minecraft:egg":1,"cobblemon:red_apricorn_seed":2,"minecraft:stick":21,"a_man_with_plushies:vault_boy_plush":1,"minecraft:pumpkin":3,"minecraft:sand":1,"cobblemon:yellow_apricorn_seed":1,"minecraft:pointed_dripstone":4,"minecraft:rotten_flesh":8,"minecraft:spruce_sign":1,"minecraft:bread":8,"minecraft:oak_sapling":30,"minecraft:mutton":2,"minecraft:coal":21,"cobblemon:verdant_ball":6,"minecraft:white_wool":9,"minecraft:cobblestone":24},"minecraft:custom":{"minecraft:interact_with_furnace":3,"minecraft:mob_kills":1,"minecraft:interact_with_crafting_table":10,"minecraft:bell_ring":5,"minecraft:leave_game":3,"minecraft:time_since_death":93081,"minecraft:climb_one_cm":754,"minecraft:time_since_rest":93150,"minecraft:sprint_one_cm":534285,"minecraft:damage_taken":2154,"minecraft:walk_one_cm":477364,"minecraft:drop":13,"minecraft:damage_dealt":704,"minecraft:swim_one_cm":5159,"minecraft:fly_one_cm":489598,"minecraft:open_chest":2,"minecraft:crouch_one_cm":5349,"minecraft:play_time":181412,"minecraft:deaths":4,"minecraft:sneak_time":2088,"minecraft:walk_under_water_one_cm":6303,"minecraft:boat_one_cm":278,"minecraft:jump":2333,"minecraft:walk_on_water_one_cm":22482,"minecraft:interact_with_smoker":1,"minecraft:total_world_time":181412,"minecraft:fall_one_cm":64195},"minecraft:crafted":{"minecraft:oak_planks":104,"minecraft:crafting_table":1,"cobblemon:verdant_ball":4,"minecraft:wooden_pickaxe":1,"minecraft:copper_ingot":17,"minecraft:oak_boat":1,"minecraft:stick":8,"minecraft:stone_pickaxe":1,"minecraft:wooden_axe":1,"minecraft:stone_sword":1,"minecraft:chest":2},"minecraft:used":{"minecraft:stone_sword":5,"minecraft:rabbit":1,"minecraft:stone_pickaxe":53,"minecraft:chest":4,"minecraft:wooden_pickaxe":24,"minecraft:white_wool":1,"minecraft:dirt":1,"minecraft:crafting_table":6,"minecraft:wooden_axe":31,"minecraft:apple":11,"automobility:dash_panel":2,"minecraft:bread":8,"minecraft:melon_slice":36,"minecraft:birch_sapling":1,"bakery:strawberry_cake_slice":1,"minecraft:oak_boat":2,"farmersdelight:fruit_salad":1,"minecraft:pumpkin":3},"minecraft:mined":{"minecraft:crafting_table":6,"cobblemon:apricorn_leaves":6,"minecraft:grass_block":3,"minecraft:decorated_pot":1,"minecraft:melon":7,"minecraft:chest":2,"minecraft:copper_ore":13,"minecraft:wall_torch":3,"minecraft:packed_mud":2,"minecraft:wheat":1,"minecraft:birch_leaves":3,"mythicmetals:tin_ore":1,"minecraft:pumpkin":5,"treechop:chopped_log":2,"minecraft:grass":6,"minecraft:coal_ore":18,"minecraft:dirt":3,"minecraft:cobweb":3,"vinery:apple_leaves":4,"minecraft:stone":24},"minecraft:killed_by":{"cobblemon:pokemon":1,"minecraft:skeleton":1,"minecraft:creeper":1}},"DataVersion":3465}