{"stats":{"minecraft:killed_by":{"minecraft:player":2},"minecraft:picked_up":{"mermod:sea_necklace":1},"minecraft:dropped":{"mermod:sea_necklace":1},"minecraft:custom":{"minecraft:jump":156,"minecraft:time_since_rest":18721,"minecraft:damage_taken":540,"minecraft:leave_game":2,"minecraft:time_since_death":18674,"minecraft:crouch_one_cm":3128,"minecraft:play_time":23002,"minecraft:sprint_one_cm":18858,"minecraft:walk_one_cm":50812,"minecraft:walk_on_water_one_cm":2804,"minecraft:deaths":2,"minecraft:sneak_time":893,"minecraft:total_world_time":23002,"minecraft:walk_under_water_one_cm":5763,"minecraft:swim_one_cm":8185,"minecraft:fall_one_cm":3771,"minecraft:drop":1,"minecraft:fly_one_cm":20237}},"DataVersion":3465}