{"stats":{"minecraft:picked_up":{"minecraft:wooden_axe":1,"minecraft:birch_log":17,"minecraft:crafting_table":5,"vinery:red_grape":2,"minecraft:feather":2,"minecraft:cooked_beef":16,"minecraft:chicken":1,"minecraft:leather":10,"minecraft:wooden_pickaxe":1,"mermod:sea_necklace":1,"farmersdelight:cutting_board":1,"cobblemon:cyan_mint_seeds":4,"farmersdelight:skillet":1,"minecraft:dirt":9,"minecraft:cooked_mutton":12,"cobblemon:white_apricorn":1,"minecraft:bone":2,"comforts:sleeping_bag_white":2,"minecraft:beef":18,"vinery:cherry":1,"minecraft:birch_sapling":8,"minecraft:egg":2,"minecraft:furnace":1,"cobblemon:cyan_mint_leaf":5,"cobblemon:azure_ball":4,"minecraft:stick":6,"cobblemon:blue_apricorn_seed":1,"cobblemon:cheri_berry":8,"vinery:white_grape":2,"fwaystones:waystone":1,"cobblemon:persim_berry":19,"minecraft:blast_furnace":2,"minecraft:spruce_log":6,"minecraft:rotten_flesh":2,"minecraft:cyan_terracotta":1,"cobblemon:medicinal_leek":26,"minecraft:oak_sapling":1,"minecraft:mutton":17,"cobblemon:blue_apricorn":3,"minecraft:coal":52,"minecraft:white_wool":10,"minecraft:cobblestone":34},"minecraft:crafted":{"minecraft:cooked_beef":3,"minecraft:crafting_table":1,"minecraft:spruce_planks":24,"comforts:sleeping_bag_white":1,"minecraft:wooden_pickaxe":1,"minecraft:cooked_chicken":1,"minecraft:furnace":1,"minecraft:birch_planks":68,"minecraft:stone_axe":1,"minecraft:cooked_mutton":5,"minecraft:air":0,"minecraft:stick":8,"minecraft:stone_pickaxe":1,"minecraft:wooden_axe":1},"minecraft:killed":{"naturalist:snake":1,"minecraft:sheep":12,"minecraft:chicken":1,"minecraft:player":1,"minecraft:cow":10},"minecraft:used":{"minecraft:cooked_mutton":1,"minecraft:stone_pickaxe":35,"minecraft:wooden_pickaxe":59,"vinery:white_grape":2,"minecraft:cooked_chicken":1,"minecraft:crafting_table":5,"minecraft:wooden_axe":12,"minecraft:stone_axe":27,"minecraft:furnace":1,"cobblemon:medicinal_leek":2,"comforts:sleeping_bag_white":2,"farmersdelight:fruit_salad":3,"minecraft:cooked_beef":3,"cobblemon:blue_apricorn_seed":1},"minecraft:broken":{"minecraft:wooden_pickaxe":1},"minecraft:mined":{"minecraft:crafting_table":5,"minecraft:blast_furnace":2,"minecraft:grass_block":10,"cobblemon:cyan_mint":3,"farmersdelight:skillet":1,"minecraft:furnace":1,"farmersdelight:cutting_board":1,"minecraft:birch_log":17,"minecraft:spruce_log":6,"minecraft:orange_tulip":1,"cobblemon:persim_berry":1,"cobblemon:medicinal_leek":21,"minecraft:grass":1,"minecraft:coal_ore":52,"minecraft:stone":34,"minecraft:fern":1},"minecraft:dropped":{"minecraft:compass":1,"cobblemon:blue_apricorn":3,"cobblemon:azure_ball":2,"minecraft:birch_sapling":8,"minecraft:rotten_flesh":2,"mermod:sea_necklace":1,"minecraft:stick":6,"minecraft:cyan_terracotta":1,"minecraft:wooden_axe":1,"minecraft:oak_sapling":1,"minecraft:wooden_pickaxe":1},"minecraft:custom":{"lootr:looted_stat":3,"minecraft:interact_with_furnace":10,"minecraft:mob_kills":24,"minecraft:interact_with_crafting_table":15,"minecraft:leave_game":4,"minecraft:time_since_death":44880,"minecraft:sleep_in_bed":2,"minecraft:time_since_rest":6012,"minecraft:sprint_one_cm":180165,"minecraft:damage_taken":2010,"minecraft:walk_one_cm":266699,"minecraft:drop":12,"minecraft:damage_dealt":2261,"minecraft:swim_one_cm":21158,"minecraft:fly_one_cm":269788,"minecraft:player_kills":1,"minecraft:crouch_one_cm":7096,"minecraft:play_time":80049,"minecraft:deaths":7,"minecraft:sneak_time":2698,"minecraft:walk_under_water_one_cm":6298,"minecraft:jump":1263,"minecraft:interact_with_blast_furnace":1,"minecraft:walk_on_water_one_cm":11316,"minecraft:total_world_time":80049,"minecraft:fall_one_cm":31957,"minecraft:horse_one_cm":190},"minecraft:killed_by":{"minecraft:player":2,"minecraft:skeleton":2,"minecraft:spider":1,"minecraft:zombie":2}},"DataVersion":3465}