{"stats":{"minecraft:killed_by":{"minecraft:player":2},"minecraft:picked_up":{"mermod:sea_necklace":1},"minecraft:custom":{"minecraft:jump":99,"minecraft:time_since_rest":11531,"minecraft:walk_on_water_one_cm":397,"minecraft:crouch_one_cm":2538,"minecraft:sprint_one_cm":15192,"minecraft:deaths":2,"minecraft:play_time":15812,"minecraft:damage_taken":525,"minecraft:time_since_death":11484,"minecraft:walk_one_cm":38128,"minecraft:sneak_time":718,"minecraft:total_world_time":15812,"minecraft:walk_under_water_one_cm":1477,"minecraft:fall_one_cm":3562,"minecraft:fly_one_cm":14492}},"DataVersion":3465}