{"stats":{"minecraft:killed_by":{"minecraft:zombie":2,"minecraft:player":2},"minecraft:picked_up":{"minecraft:birch_log":17,"minecraft:stick":3,"cobblemon:white_apricorn":1,"vinery:white_grape":2,"mermod:sea_necklace":1,"minecraft:birch_sapling":7,"minecraft:dirt":9,"minecraft:egg":2},"minecraft:mined":{"minecraft:grass_block":10,"minecraft:birch_log":17},"minecraft:killed":{"minecraft:player":1},"minecraft:dropped":{"mermod:sea_necklace":1},"minecraft:custom":{"minecraft:time_since_rest":62,"minecraft:crouch_one_cm":3788,"minecraft:sprint_one_cm":44797,"minecraft:play_time":33657,"minecraft:deaths":4,"minecraft:damage_taken":1000,"minecraft:walk_one_cm":99596,"minecraft:sneak_time":1059,"minecraft:walk_under_water_one_cm":5763,"minecraft:drop":1,"minecraft:jump":384,"minecraft:damage_dealt":68,"minecraft:leave_game":2,"minecraft:walk_on_water_one_cm":2804,"minecraft:time_since_death":0,"minecraft:total_world_time":33657,"minecraft:swim_one_cm":8185,"minecraft:fall_one_cm":10517,"minecraft:fly_one_cm":60698,"minecraft:player_kills":1}},"DataVersion":3465}