{"stats":{"minecraft:dropped":{"minecraft:birch_planks":119,"minecraft:cooked_beef":1,"cobblemon:blue_apricorn":3,"minecraft:diamond":3,"mermod:sea_necklace":1,"minecraft:flint":2,"minecraft:cyan_terracotta":1,"minecraft:dirt":2,"minecraft:iron_pickaxe":1,"minecraft:gravel":5,"minecraft:compass":1,"simplehats:burgerhat":1,"minecraft:cooked_chicken":1,"minecraft:cobbled_deepslate":7,"minecraft:birch_sapling":8,"minecraft:rotten_flesh":5,"artifacts:villager_hat":1,"minecraft:oak_planks":1,"simplehats:orange_hat":2,"mcwwindows:spruce_window":3,"farmersdelight:cutting_board":1,"minecraft:spruce_slab":9,"minecraft:lilac":4,"farmersdelight:skillet":1,"minecraft:cobblestone":9,"minecraft:book":114,"minecraft:apple":12,"minecraft:stick":6,"minecraft:wooden_axe":4,"minecraft:rabbit":10,"minecraft:oak_stairs":2,"vinery:cherry":1,"minecraft:spruce_sapling":64,"simplehats:babydolphin":1,"cobblemon:azure_ball":2,"minecraft:tuff":30,"minecraft:chicken":6,"minecraft:spruce_planks":41,"minecraft:oak_sapling":1,"minecraft:stone_pickaxe":6,"minecraft:wooden_pickaxe":1,"minecraft:cooked_rabbit":2},"minecraft:killed":{"minecraft:spider":2,"minecraft:skeleton":1,"minecraft:chicken":1,"naturalist:snake":1,"minecraft:sheep":14,"minecraft:zombie":13,"minecraft:cow":10,"creeperoverhaul:snowy_creeper":4,"minecraft:player":1},"minecraft:picked_up":{"minecraft:wooden_axe":3,"simplehats:babydolphin":1,"vinery:red_grape":2,"minecraft:anvil":1,"minecraft:stone_slab":3,"minecraft:diamond_sword":1,"minecraft:oak_stairs":2,"farmersdelight:cutting_board":2,"cobblemon:wepear_berry":21,"minecraft:string":10,"minecraft:raw_copper":128,"minecraft:red_candle":3,"minecraft:oak_sign":1,"simplehats:sombrero":1,"minecraft:cobbled_deepslate":192,"comforts:sleeping_bag_white":26,"minecraft:spruce_planks":47,"cobblemon:oran_berry":35,"minecraft:iron_pickaxe":1,"minecraft:coal_block":1,"cobblemon:cyan_mint_leaf":5,"minecraft:furnace":3,"minecraft:stick":202,"minecraft:torch":314,"minecraft:spruce_stairs":1,"minecraft:rotten_flesh":21,"mythicmetals:raw_manganese":28,"minecraft:cyan_terracotta":1,"minecraft:cobblestone":1064,"minecraft:birch_log":143,"minecraft:cooked_beef":17,"minecraft:feather":2,"minecraft:lilac":15,"minecraft:smoker":3,"minecraft:flint":23,"minecraft:tuff":30,"create:raw_zinc":10,"supplementaries:flax_seeds":3,"minecraft:dirt":1443,"minecraft:bone":16,"minecraft:wheat_seeds":23,"minecraft:grindstone":1,"minecraft:rabbit":19,"simplehats:hatbag_uncommon":2,"mythicmetals:raw_silver":8,"minecraft:oak_planks":1,"cobblemon:pecha_berry":5,"vinery:white_grape":2,"minecraft:sand":698,"cobblemon:persim_berry":60,"cobblemon:aspear_berry":3,"minecraft:mossy_cobblestone":1,"minecraft:diamond":1,"minecraft:bone_meal":37,"minecraft:white_concrete":442,"minecraft:oak_sapling":152,"cobblemon:medicinal_leek":26,"cobblemon:chesto_berry":3,"minecraft:fishing_rod":1,"minecraft:crafting_table":18,"minecraft:chicken":7,"minecraft:wooden_pickaxe":1,"minecraft:cooked_rabbit":2,"minecraft:stone_brick_wall":65,"cobblemon:cyan_mint_seeds":4,"cobblemon:white_apricorn":1,"simplehats:rgbbigribbon":1,"minecraft:beef":18,"vinery:cherry":1,"minecraft:spruce_slab":82,"minecraft:sugar_cane":3,"minecraft:chest":2,"minecraft:birch_sapling":57,"minecraft:egg":5,"simplehats:orange_hat":2,"minecraft:raw_iron":29,"simplehats:hatbag_common":2,"minecraft:oak_door":1,"mcwwindows:spruce_window":19,"fwaystones:waystone":5,"mythicmetals:raw_tin":7,"minecraft:redstone":27,"minecraft:prismarine_crystals":18,"minecraft:arrow":8,"simplehats:burgerhat":2,"minecraft:peony":11,"minecraft:mutton":20,"cobblemon:blue_apricorn":3,"minecraft:white_wool":18,"mythicmetals:raw_banglum":15,"minecraft:leather":10,"minecraft:birch_planks":172,"mermod:sea_necklace":1,"minecraft:oak_log":273,"minecraft:cobblestone_wall":25,"minecraft:yellow_bed":4,"farmersdelight:skillet":8,"minecraft:cooked_mutton":16,"minecraft:apple":12,"farmersdelight:cooking_pot":1,"minecraft:stone_pickaxe":3,"minecraft:cooked_chicken":2,"candlelight:tomato":9,"simplehats:dimmahat":1,"minecraft:book":107,"cobblemon:azure_ball":4,"minecraft:raw_iron_block":2,"cobblemon:blue_apricorn_seed":1,"minecraft:gravel":325,"cobblemon:cheri_berry":8,"simplehats:cheeseslice":1,"minecraft:spruce_sapling":211,"minecraft:blast_furnace":7,"minecraft:spruce_log":403,"minecraft:sea_lantern":6,"simplehats:halo":1,"minecraft:white_concrete_powder":2,"minecraft:birch_sign":4,"minecraft:coal":244,"farmersdelight:stove":3},"minecraft:custom":{"lootr:looted_stat":66,"minecraft:interact_with_crafting_table":123,"minecraft:open_barrel":16,"minecraft:bell_ring":1,"minecraft:leave_game":13,"minecraft:time_since_death":511011,"minecraft:sprint_one_cm":1305784,"minecraft:drop":80,"minecraft:talked_to_villager":1,"minecraft:play_time":897922,"minecraft:deaths":8,"minecraft:jump":9450,"minecraft:walk_on_water_one_cm":118711,"minecraft:interact_with_furnace":188,"minecraft:sleep_in_bed":39,"minecraft:damage_dealt":6497,"minecraft:player_kills":1,"minecraft:crouch_one_cm":60173,"minecraft:interact_with_smoker":7,"minecraft:horse_one_cm":190,"minecraft:mob_kills":46,"minecraft:climb_one_cm":10012,"minecraft:walk_one_cm":2715762,"minecraft:sneak_time":19816,"minecraft:walk_under_water_one_cm":102064,"minecraft:interact_with_blast_furnace":58,"minecraft:total_world_time":897922,"minecraft:interact_with_stonecutter":8,"minecraft:time_since_rest":7728,"minecraft:damage_taken":4731,"minecraft:swim_one_cm":281817,"minecraft:fly_one_cm":1703625,"minecraft:open_chest":329,"minecraft:fall_one_cm":185869},"minecraft:broken":{"minecraft:iron_shovel":3,"minecraft:wooden_shovel":3,"minecraft:stone_pickaxe":3,"minecraft:stone_axe":3,"minecraft:wooden_axe":2,"mythicmetals:copper_pickaxe":1,"mythicmetals:banglum_shovel":1,"mythicmetals:copper_axe":1,"minecraft:wooden_pickaxe":1,"mythicmetals:banglum_axe":1,"minecraft:iron_pickaxe":6},"minecraft:crafted":{"minecraft:smooth_stone":154,"minecraft:oak_planks":728,"minecraft:oak_sign":9,"minecraft:cooked_chicken":1,"minecraft:stone":770,"minecraft:cooked_mutton":9,"minecraft:glass":152,"minecraft:iron_boots":1,"mcwwindows:spruce_window":284,"mythicmetals:banglum_shovel":2,"minecraft:chest":12,"minecraft:cooked_rabbit":4,"mythicmetals:tin_ingot":7,"minecraft:deepslate":12,"minecraft:wooden_shovel":3,"minecraft:cooked_porkchop":1,"minecraft:crafting_table":5,"minecraft:spruce_planks":884,"minecraft:wooden_pickaxe":1,"minecraft:copper_ingot":131,"minecraft:birch_planks":316,"mcwwindows:window_base":284,"minecraft:shield":1,"minecraft:stick":560,"minecraft:stone_slab":60,"minecraft:iron_ingot":27,"minecraft:iron_pickaxe":5,"minecraft:gold_ingot":9,"vinery:red_grape_seeds":2,"mythicmetals:manganese_ingot":28,"comforts:sleeping_bag_white":1,"minecraft:furnace":6,"minecraft:bone_meal":42,"minecraft:glass_pane":16,"minecraft:white_concrete_powder":632,"minecraft:spruce_slab":702,"minecraft:stone_pickaxe":7,"minecraft:cobblestone_wall":66,"candlelight:tomato_seeds":27,"mythicmetals:banglum_axe":1,"minecraft:birch_sign":3,"minecraft:cooked_beef":3,"mythicmetals:copper_axe":2,"mythicmetals:copper_pickaxe":2,"mythicmetals:silver_ingot":4,"minecraft:bucket":1,"minecraft:stone_axe":3,"minecraft:air":0,"minecraft:white_dye":79,"mythicmetals:banglum_ingot":15,"mythicmetals:copper_sword":1,"minecraft:wooden_axe":3,"minecraft:iron_shovel":3,"minecraft:iron_leggings":1,"minecraft:stonecutter":1,"minecraft:torch":220,"create:zinc_ingot":10},"minecraft:used":{"fwaystones:waystone":4,"minecraft:peony":8,"minecraft:iron_shovel":757,"minecraft:spruce_slab":739,"minecraft:poppy":1,"minecraft:oak_sign":7,"minecraft:white_concrete_powder":442,"farmersdelight:stove":2,"minecraft:chest":14,"minecraft:stone":227,"vinery:white_grape":2,"mythicmetals:copper_axe":348,"minecraft:glass":3,"minecraft:birch_sapling":20,"mythicmetals:copper_pickaxe":306,"minecraft:furnace":9,"mythicmetals:banglum_shovel":736,"minecraft:oak_sapling":45,"minecraft:stone_pickaxe":554,"minecraft:wooden_pickaxe":59,"minecraft:blast_furnace":4,"minecraft:stone_brick_wall":65,"mythicmetals:copper_sword":15,"mythicmetals:banglum_axe":255,"minecraft:bread":4,"minecraft:lilac":11,"cobblemon:medicinal_leek":3,"minecraft:cooked_rabbit":4,"minecraft:white_concrete":414,"minecraft:spruce_planks":218,"minecraft:wooden_shovel":177,"minecraft:cooked_chicken":2,"minecraft:torch":419,"minecraft:dirt":1307,"minecraft:spruce_stairs":1,"minecraft:cobblestone_wall":76,"minecraft:wooden_axe":130,"minecraft:sea_lantern":6,"mcwwindows:spruce_window":278,"comforts:sleeping_bag_white":26,"minecraft:cooked_beef":19,"minecraft:cooked_mutton":25,"minecraft:water_bucket":126,"farmersdelight:skillet":7,"minecraft:birch_planks":2,"minecraft:stonecutter":1,"minecraft:mossy_cobblestone":1,"minecraft:crafting_table":21,"minecraft:birch_sign":4,"minecraft:smoker":1,"minecraft:oak_log":1,"minecraft:apple":3,"minecraft:chicken":1,"minecraft:iron_pickaxe":1663,"minecraft:stone_slab":56,"minecraft:spruce_sapling":91,"minecraft:stone_axe":307,"minecraft:fishing_rod":1,"minecraft:cobblestone":164,"minecraft:cooked_porkchop":1,"minecraft:glass_pane":6,"minecraft:bucket":127,"minecraft:yellow_bed":4,"minecraft:pumpkin_pie":1,"farmersdelight:fruit_salad":3,"minecraft:smooth_stone":86,"cobblemon:blue_apricorn_seed":1},"minecraft:mined":{"minecraft:spruce_planks":7,"minecraft:oak_sapling":2,"minecraft:grass_block":1218,"diagonalwalls:minecraft/cobblestone_wall":25,"minecraft:white_concrete":442,"minecraft:coal_block":1,"minecraft:oak_wall_sign":1,"mcwwindows:spruce_window":20,"minecraft:raw_iron_block":2,"minecraft:iron_ore":19,"minecraft:anvil":1,"cobblemon:medicinal_leek":21,"minecraft:flowering_azalea_leaves":1,"minecraft:dirt_path":19,"minecraft:oak_stairs":2,"minecraft:birch_wall_sign":3,"minecraft:spruce_slab":72,"minecraft:deepslate_redstone_ore":6,"minecraft:smoker":3,"minecraft:torch":248,"minecraft:blast_furnace":7,"minecraft:chest":2,"supplementaries:wild_flax":3,"minecraft:glass":3,"minecraft:cobblestone":7,"minecraft:grindstone":1,"minecraft:sugar_cane":1,"minecraft:oak_planks":1,"minecraft:wall_torch":39,"minecraft:birch_sapling":2,"minecraft:red_candle":1,"minecraft:birch_log":17,"farmersdelight:cutting_board":2,"mythicmetals:manganese_ore":17,"minecraft:lilac":10,"minecraft:orange_tulip":1,"cobblemon:persim_berry":1,"minecraft:grass":171,"diagonalwindows:minecraft/glass_pane":6,"minecraft:oak_log":3,"minecraft:sand":274,"minecraft:dirt":215,"minecraft:oak_leaves":4,"minecraft:deepslate":490,"create:zinc_ore":10,"minecraft:tuff":56,"minecraft:mossy_cobblestone":1,"minecraft:deepslate_diamond_ore":1,"minecraft:sea_lantern":6,"mythicmetals:silver_ore":5,"minecraft:spruce_leaves":27,"minecraft:white_concrete_powder":1,"minecraft:spruce_sapling":10,"minecraft:furnace":3,"mythicmetals:tin_ore":4,"treechop:chopped_log":121,"minecraft:peony":7,"minecraft:bookshelf":36,"minecraft:deepslate_iron_ore":10,"minecraft:stone":1048,"farmersdelight:cooking_pot":1,"diagonalwalls:minecraft/stone_brick_wall":65,"minecraft:crafting_table":18,"candlelight:wild_tomatoes":9,"minecraft:stone_slab":2,"cobblemon:cyan_mint":3,"minecraft:copper_ore":37,"minecraft:deepslate_coal_ore":7,"mythicmetals:deepslate_runite_ore":2,"minecraft:spruce_stairs":1,"farmersdelight:skillet":7,"minecraft:ice":4,"minecraft:spruce_log":7,"minecraft:yellow_bed":4,"minecraft:coal_ore":224,"minecraft:gravel":204,"farmersdelight:stove":3,"minecraft:cobweb":7,"mythicmetals:banglum_ore":9,"minecraft:fern":3},"minecraft:killed_by":{"minecraft:zombie":2,"minecraft:player":2,"minecraft:spider":1,"minecraft:skeleton":3}},"DataVersion":3465}