{"stats":{"minecraft:broken":{"minecraft:wooden_pickaxe":1},"minecraft:mined":{"minecraft:smoker":2,"minecraft:crafting_table":5,"minecraft:blast_furnace":5,"minecraft:grass_block":10,"candlelight:wild_tomatoes":9,"cobblemon:cyan_mint":3,"minecraft:spruce_leaves":6,"farmersdelight:skillet":6,"minecraft:furnace":3,"minecraft:birch_log":17,"farmersdelight:cutting_board":1,"minecraft:spruce_log":6,"minecraft:orange_tulip":1,"cobblemon:persim_berry":1,"cobblemon:medicinal_leek":21,"minecraft:grass":1,"minecraft:coal_ore":52,"minecraft:flowering_azalea_leaves":1,"farmersdelight:stove":2,"minecraft:stone":34,"minecraft:fern":1,"farmersdelight:cooking_pot":1},"minecraft:dropped":{"minecraft:compass":1,"minecraft:birch_planks":53,"farmersdelight:skillet":1,"cobblemon:blue_apricorn":3,"cobblemon:azure_ball":2,"minecraft:birch_sapling":8,"minecraft:chicken":6,"minecraft:rotten_flesh":2,"mermod:sea_necklace":1,"minecraft:stick":6,"minecraft:cyan_terracotta":1,"minecraft:wooden_axe":4,"minecraft:rabbit":10,"minecraft:oak_sapling":1,"minecraft:stone_pickaxe":2,"minecraft:wooden_pickaxe":1,"minecraft:iron_pickaxe":1,"minecraft:cooked_rabbit":1,"vinery:cherry":1},"minecraft:killed":{"naturalist:snake":1,"minecraft:sheep":12,"minecraft:chicken":1,"minecraft:player":1,"minecraft:cow":10},"minecraft:custom":{"minecraft:interact_with_furnace":19,"lootr:looted_stat":21,"minecraft:mob_kills":24,"minecraft:interact_with_crafting_table":28,"minecraft:open_barrel":2,"minecraft:leave_game":6,"minecraft:time_since_death":81886,"minecraft:sleep_in_bed":3,"minecraft:climb_one_cm":4376,"minecraft:time_since_rest":2929,"minecraft:sprint_one_cm":276383,"minecraft:damage_taken":2098,"minecraft:walk_one_cm":410664,"minecraft:drop":38,"minecraft:damage_dealt":2261,"minecraft:swim_one_cm":21158,"minecraft:talked_to_villager":1,"minecraft:player_kills":1,"minecraft:fly_one_cm":347579,"minecraft:crouch_one_cm":7202,"minecraft:play_time":117055,"minecraft:deaths":7,"minecraft:sneak_time":2877,"minecraft:walk_under_water_one_cm":6298,"minecraft:jump":1669,"minecraft:interact_with_blast_furnace":2,"minecraft:walk_on_water_one_cm":11463,"minecraft:fall_one_cm":40385,"minecraft:total_world_time":117055,"minecraft:interact_with_smoker":1,"minecraft:horse_one_cm":190},"minecraft:crafted":{"minecraft:cooked_beef":3,"minecraft:crafting_table":1,"minecraft:spruce_planks":24,"comforts:sleeping_bag_white":1,"minecraft:wooden_pickaxe":1,"minecraft:cooked_chicken":1,"minecraft:furnace":1,"minecraft:birch_planks":68,"minecraft:stone_axe":1,"minecraft:cooked_mutton":9,"minecraft:air":0,"minecraft:stick":8,"minecraft:iron_ingot":1,"minecraft:stone_pickaxe":1,"minecraft:wooden_axe":1,"candlelight:tomato_seeds":27,"vinery:red_grape_seeds":2,"minecraft:cooked_rabbit":4},"minecraft:picked_up":{"minecraft:wooden_axe":3,"minecraft:birch_log":17,"minecraft:crafting_table":5,"vinery:red_grape":2,"minecraft:feather":2,"minecraft:cooked_beef":16,"minecraft:chicken":7,"minecraft:leather":10,"minecraft:wooden_pickaxe":1,"minecraft:smoker":2,"minecraft:cooked_rabbit":2,"minecraft:birch_planks":106,"mermod:sea_necklace":1,"cobblemon:cyan_mint_seeds":4,"farmersdelight:cutting_board":1,"farmersdelight:skillet":7,"cobblemon:wepear_berry":5,"minecraft:dirt":9,"minecraft:cooked_mutton":12,"cobblemon:white_apricorn":1,"minecraft:bone":2,"farmersdelight:cooking_pot":1,"comforts:sleeping_bag_white":3,"minecraft:beef":18,"minecraft:stone_pickaxe":2,"minecraft:cooked_chicken":2,"candlelight:tomato":9,"vinery:cherry":1,"minecraft:iron_pickaxe":1,"minecraft:rabbit":19,"minecraft:birch_sapling":8,"minecraft:furnace":3,"cobblemon:cyan_mint_leaf":5,"minecraft:egg":5,"cobblemon:azure_ball":4,"minecraft:stick":6,"cobblemon:blue_apricorn_seed":1,"cobblemon:cheri_berry":8,"vinery:white_grape":2,"fwaystones:waystone":2,"cobblemon:persim_berry":19,"minecraft:blast_furnace":5,"minecraft:spruce_log":6,"minecraft:rotten_flesh":2,"minecraft:cyan_terracotta":1,"cobblemon:medicinal_leek":26,"minecraft:oak_sapling":1,"minecraft:mutton":17,"farmersdelight:stove":2,"cobblemon:blue_apricorn":3,"minecraft:coal":52,"minecraft:white_wool":10,"minecraft:cobblestone":34},"minecraft:killed_by":{"minecraft:player":2,"minecraft:skeleton":2,"minecraft:spider":1,"minecraft:zombie":2},"minecraft:used":{"minecraft:cooked_mutton":1,"farmersdelight:skillet":5,"minecraft:stone_pickaxe":57,"minecraft:wooden_pickaxe":59,"vinery:white_grape":2,"minecraft:cooked_chicken":1,"minecraft:crafting_table":5,"minecraft:wooden_axe":12,"minecraft:iron_pickaxe":2,"minecraft:stone_axe":31,"cobblemon:medicinal_leek":3,"minecraft:furnace":4,"minecraft:pumpkin_pie":1,"minecraft:cooked_beef":3,"comforts:sleeping_bag_white":3,"minecraft:cooked_rabbit":4,"farmersdelight:fruit_salad":3,"cobblemon:blue_apricorn_seed":1}},"DataVersion":3465}