{"stats":{"minecraft:killed_by":{"minecraft:player":2,"minecraft:skeleton":2,"minecraft:spider":1,"minecraft:zombie":2},"minecraft:used":{"vinery:white_grape":2,"farmersdelight:fruit_salad":2,"cobblemon:blue_apricorn_seed":1},"minecraft:picked_up":{"minecraft:birch_log":17,"minecraft:stick":3,"vinery:red_grape":2,"cobblemon:blue_apricorn_seed":1,"vinery:white_grape":2,"mermod:sea_necklace":1,"cobblemon:cyan_mint_seeds":4,"minecraft:dirt":9,"cobblemon:white_apricorn":1,"minecraft:bone":2,"minecraft:rotten_flesh":2,"minecraft:cyan_terracotta":1,"minecraft:oak_sapling":1,"minecraft:birch_sapling":8,"minecraft:mutton":5,"cobblemon:blue_apricorn":3,"minecraft:white_wool":4,"cobblemon:cyan_mint_leaf":5,"minecraft:egg":2},"minecraft:mined":{"minecraft:birch_log":17,"minecraft:orange_tulip":1,"minecraft:grass_block":10,"cobblemon:cyan_mint":3},"minecraft:crafted":{"minecraft:crafting_table":1,"minecraft:birch_planks":68},"minecraft:killed":{"minecraft:sheep":4,"minecraft:player":1},"minecraft:dropped":{"minecraft:rotten_flesh":2,"mermod:sea_necklace":1},"minecraft:custom":{"minecraft:time_since_rest":13019,"minecraft:sprint_one_cm":85251,"minecraft:damage_taken":1830,"minecraft:walk_one_cm":144988,"minecraft:mob_kills":4,"minecraft:drop":2,"minecraft:damage_dealt":480,"minecraft:swim_one_cm":8185,"minecraft:player_kills":1,"minecraft:fly_one_cm":108093,"minecraft:crouch_one_cm":6694,"minecraft:play_time":48161,"minecraft:deaths":7,"minecraft:sneak_time":2666,"minecraft:walk_under_water_one_cm":5763,"minecraft:jump":588,"minecraft:leave_game":3,"minecraft:walk_on_water_one_cm":2804,"minecraft:time_since_death":12992,"minecraft:total_world_time":48161,"minecraft:fall_one_cm":15924,"minecraft:horse_one_cm":190}},"DataVersion":3465}