{"stats":{"minecraft:dropped":{"minecraft:porkchop":1,"minecraft:wheat_seeds":5,"minecraft:glow_ink_sac":21,"minecraft:diamond":1,"minecraft:dark_oak_sapling":7,"minecraft:feather":8,"cobblemon:persim_berry":5,"minecraft:flint":3,"cobblemon:medicinal_leek":2,"minecraft:gray_wool":1,"simpletms:tr_mudshot":1,"simpletms:tm_facade":1,"cobblemon:poke_ball":1,"minecraft:pumpkin":1,"minecraft:phantom_membrane":2,"minecraft:string":2,"minecraft:white_wool":7,"cobblemon:red_apricorn":16,"minecraft:bone":8,"simplehats:propelhat":1,"minecraft:bowl":2,"minecraft:wheat":2,"minecraft:birch_sapling":1,"farmersdelight:fruit_salad":1,"cobblemon:cheri_berry":8,"minecraft:rotten_flesh":4,"minecraft:blaze_powder":1,"simpletms:tr_frustration":1,"minecraft:honey_bottle":1,"minecraft:gunpowder":8,"simplehats:hatbag_uncommon":2,"cobblemon:magnet":1,"farmersdelight:rich_soil_farmland":3,"minecraft:arrow":4,"minecraft:bow":1,"minecraft:stone_pickaxe":1},"minecraft:killed":{"minecraft:spider":1,"naturalist:boar":1,"minecraft:skeleton":2,"minecraft:tropical_fish":5,"minecraft:sheep":5,"minecraft:zombie":6},"minecraft:picked_up":{"minecraft:wheat":1,"cobblemon:leaf_stone":1,"minecraft:crafting_table":10,"minecraft:chicken":16,"simplehats:hatbag_rare":1,"cobblemon:magnet":1,"cobblemon:red_apricorn":16,"minecraft:string":2,"minecraft:moss_carpet":2,"simplehats:topcathat":1,"minecraft:cobbled_deepslate":2,"cobblemon:oran_berry":17,"minecraft:birch_sapling":1,"minecraft:phantom_membrane":2,"minecraft:furnace":14,"minecraft:dark_oak_sapling":7,"minecraft:stick":4,"minecraft:raw_iron":3,"simplehats:hatbag_common":1,"simplehats:propelhat":1,"minecraft:porkchop":3,"minecraft:carrot":1,"farmersdelight:rich_soil_farmland":1,"minecraft:dark_oak_planks":6,"minecraft:arrow":4,"minecraft:honey_bottle":1,"minecraft:rotten_flesh":13,"minecraft:tropical_fish":31,"simplehats:winghat":1,"minecraft:cyan_terracotta":7,"simplehats:eyepatch":1,"minecraft:mutton":18,"minecraft:blaze_powder":1,"minecraft:white_wool":12,"minecraft:cobblestone":155,"minecraft:feather":8,"cobblemon:ultra_ball":64,"minecraft:glow_ink_sac":21,"minecraft:salmon":1,"minecraft:flint":3,"cobblemon:bluk_berry":24,"minecraft:oak_log":4,"minecraft:gunpowder":8,"chipped:checkered_quartz_block_tiles":2,"minecraft:dirt":9,"minecraft:bone":8,"minecraft:apple":1,"minecraft:bow":1,"minecraft:wheat_seeds":5,"minecraft:stone_pickaxe":1,"simplehats:hatbag_uncommon":1,"minecraft:rabbit":4,"minecraft:bamboo":8,"minecraft:moss_block":4,"cobblemon:red_apricorn_seed":1,"minecraft:pumpkin":1,"cobblemon:cheri_berry":7,"cobblemon:persim_berry":4,"minecraft:white_bed":2,"minecraft:dark_oak_log":39,"simplehats:halo":1,"cobblemon:poke_ball":3,"minecraft:diamond":3,"minecraft:gray_wool":1,"cobblemon:medicinal_leek":2,"minecraft:coal":72},"minecraft:custom":{"lootr:looted_stat":6,"minecraft:mob_kills":23,"minecraft:interact_with_crafting_table":10,"minecraft:leave_game":11,"minecraft:time_since_death":5756,"minecraft:climb_one_cm":2793,"minecraft:sprint_one_cm":589445,"minecraft:walk_one_cm":327151,"minecraft:drop":87,"minecraft:talked_to_villager":1,"minecraft:play_time":200006,"minecraft:deaths":11,"minecraft:sneak_time":5305,"minecraft:walk_under_water_one_cm":24293,"minecraft:jump":4344,"minecraft:walk_on_water_one_cm":24460,"minecraft:total_world_time":200006,"minecraft:interact_with_furnace":40,"minecraft:sleep_in_bed":2,"minecraft:time_since_rest":5792,"minecraft:damage_taken":4976,"minecraft:damage_dealt":3316,"minecraft:swim_one_cm":79704,"minecraft:fly_one_cm":1124024,"minecraft:crouch_one_cm":13152,"minecraft:fall_one_cm":149830},"minecraft:broken":{"minecraft:wooden_pickaxe":1,"minecraft:stone_pickaxe":1,"minecraft:wooden_sword":1},"minecraft:crafted":{"minecraft:wooden_sword":1,"minecraft:oak_planks":16,"minecraft:cooked_chicken":7,"minecraft:furnace":2,"minecraft:cooked_mutton":11,"minecraft:stone_pickaxe":1,"minecraft:dark_oak_planks":36,"minecraft:cooked_rabbit":2,"minecraft:cooked_porkchop":2,"minecraft:crafting_table":1,"minecraft:wooden_pickaxe":1,"minecraft:cooked_salmon":1,"minecraft:bread":15,"minecraft:air":0,"minecraft:stick":44,"minecraft:iron_ingot":3,"minecraft:iron_pickaxe":1,"minecraft:wooden_axe":1,"minecraft:stone_sword":1,"minecraft:white_bed":1},"minecraft:used":{"minecraft:moss_block":4,"minecraft:moss_carpet":2,"minecraft:stone_sword":25,"minecraft:tropical_fish":31,"minecraft:cooked_salmon":1,"minecraft:cooked_chicken":7,"minecraft:rotten_flesh":9,"minecraft:dirt":7,"minecraft:wooden_axe":42,"minecraft:dark_oak_planks":12,"minecraft:cyan_terracotta":7,"chipped:checkered_quartz_block_tiles":2,"minecraft:furnace":14,"minecraft:cobbled_deepslate":2,"minecraft:cooked_mutton":11,"minecraft:stone_pickaxe":132,"minecraft:wooden_pickaxe":59,"minecraft:white_wool":1,"minecraft:crafting_table":10,"minecraft:white_bed":2,"minecraft:apple":1,"minecraft:bread":7,"minecraft:iron_pickaxe":51,"minecraft:wooden_sword":59,"cobblemon:red_apricorn_seed":1,"minecraft:cobblestone":128,"minecraft:cooked_porkchop":2,"minecraft:cooked_rabbit":2,"farmersdelight:fruit_salad":2},"minecraft:mined":{"minecraft:dark_oak_planks":5,"minecraft:white_bed":2,"minecraft:deepslate_diamond_ore":3,"minecraft:dark_oak_log":12,"minecraft:grass_block":3,"minecraft:moss_block":4,"minecraft:large_fern":1,"minecraft:furnace":14,"minecraft:iron_ore":3,"minecraft:moss_carpet":1,"minecraft:bamboo":1,"minecraft:stone":113,"minecraft:white_wool":1,"minecraft:cyan_terracotta":3,"cobblemon:leaf_stone_ore":1,"minecraft:crafting_table":10,"cobblemon:apricorn_leaves":30,"minecraft:cobblestone":47,"cobblemon:oran_berry":1,"minecraft:grass":5,"minecraft:coal_ore":52,"minecraft:dirt":6,"minecraft:deepslate":3,"minecraft:fern":1},"minecraft:killed_by":{"minecraft:creeper":1,"minecraft:spider":1,"minecraft:skeleton":2,"minecraft:zombie":4}},"DataVersion":3465}