{"stats":{"minecraft:killed_by":{"minecraft:skeleton":1},"minecraft:used":{"minecraft:rotten_flesh":2,"minecraft:egg":1},"minecraft:picked_up":{"minecraft:rotten_flesh":3,"minecraft:string":2,"minecraft:egg":1},"minecraft:killed":{"minecraft:spider":1,"minecraft:zombie":1},"minecraft:custom":{"minecraft:jump":90,"minecraft:time_since_rest":1366,"minecraft:crouch_one_cm":59,"minecraft:damage_dealt":386,"minecraft:deaths":1,"minecraft:sprint_one_cm":15903,"minecraft:play_time":5314,"minecraft:damage_taken":465,"minecraft:time_since_death":1335,"minecraft:walk_one_cm":22571,"minecraft:sneak_time":3,"minecraft:total_world_time":5314,"minecraft:mob_kills":2,"minecraft:fall_one_cm":2928,"minecraft:fly_one_cm":18890}},"DataVersion":3465}