{"stats":{"minecraft:killed_by":{"minecraft:skeleton":2},"minecraft:used":{"minecraft:stone_sword":39,"minecraft:stone_pickaxe":129,"minecraft:wooden_pickaxe":3,"minecraft:rotten_flesh":2,"minecraft:torch":6,"minecraft:glow_berries":2,"minecraft:crafting_table":2,"minecraft:iron_pickaxe":83,"naturalist:glow_goop":3,"minecraft:cobblestone":4,"minecraft:furnace":2,"minecraft:cooked_porkchop":1,"minecraft:egg":1,"farmersdelight:fruit_salad":3},"minecraft:picked_up":{"minecraft:birch_log":7,"minecraft:stone_slab":1,"create:raw_zinc":20,"minecraft:string":2,"minecraft:moss_carpet":2,"minecraft:raw_copper":24,"naturalist:glow_goop":3,"minecraft:wheat_seeds":2,"minecraft:white_tulip":1,"minecraft:azalea":1,"minecraft:moss_block":5,"minecraft:gray_bed":1,"mythicmetals:raw_silver":33,"minecraft:birch_sapling":2,"minecraft:egg":1,"minecraft:stick":2,"minecraft:raw_iron":9,"simplehats:hatbag_common":1,"simplehats:sheep":1,"minecraft:torch":3,"minecraft:porkchop":1,"mythicmetals:raw_quadrillum":4,"minecraft:tnt":1,"minecraft:rotten_flesh":10,"mythicmetals:raw_manganese":8,"minecraft:emerald":6,"supplementaries:ash":8,"minecraft:glow_berries":7,"minecraft:coal":63,"minecraft:cobblestone":73},"minecraft:mined":{"create:zinc_ore":20,"minecraft:torch":1,"mythicmetals:silver_ore":21,"minecraft:stone_slab":1,"minecraft:cobblestone":8,"minecraft:copper_ore":7,"minecraft:tall_grass":1,"minecraft:moss_block":5,"minecraft:wall_torch":1,"supplementaries:urn":3,"mythicmetals:quadrillum_ore":3,"minecraft:birch_log":7,"minecraft:iron_ore":7,"mythicmetals:manganese_ore":5,"minecraft:gray_bed":1,"minecraft:moss_carpet":1,"minecraft:tnt":1,"minecraft:grass":3,"minecraft:coal_ore":63,"minecraft:cave_vines":1,"minecraft:azalea":2,"minecraft:stone":67,"minecraft:white_tulip":1},"minecraft:crafted":{"minecraft:cooked_porkchop":1,"minecraft:crafting_table":2,"minecraft:wooden_pickaxe":1,"minecraft:furnace":2,"mythicmetals:silver_ingot":25,"minecraft:birch_planks":28,"naturalist:glow_goop":10,"minecraft:air":0,"minecraft:stick":12,"minecraft:iron_ingot":3,"minecraft:iron_pickaxe":1,"minecraft:stone_pickaxe":1,"minecraft:stone_sword":1,"minecraft:torch":20,"create:zinc_ingot":2},"minecraft:killed":{"minecraft:spider":1,"minecraft:zombie":8},"minecraft:dropped":{"minecraft:moss_carpet":2,"minecraft:moss_block":5,"minecraft:stone_sword":1,"minecraft:birch_sapling":2,"minecraft:rotten_flesh":8,"minecraft:stone_slab":1,"minecraft:azalea":1,"minecraft:stone_pickaxe":1,"minecraft:wooden_pickaxe":1},"minecraft:custom":{"lootr:looted_stat":2,"minecraft:interact_with_furnace":20,"minecraft:mob_kills":9,"minecraft:interact_with_crafting_table":8,"minecraft:leave_game":3,"minecraft:time_since_death":23134,"minecraft:climb_one_cm":79,"minecraft:time_since_rest":23159,"minecraft:sprint_one_cm":38766,"minecraft:damage_taken":950,"minecraft:walk_one_cm":127750,"minecraft:drop":10,"minecraft:damage_dealt":1805,"minecraft:fly_one_cm":45676,"minecraft:crouch_one_cm":3938,"minecraft:play_time":30105,"minecraft:deaths":2,"minecraft:sneak_time":1288,"minecraft:walk_under_water_one_cm":575,"minecraft:jump":329,"minecraft:walk_on_water_one_cm":3454,"minecraft:total_world_time":30105,"minecraft:fall_one_cm":10918}},"DataVersion":3465}