{"stats":{"minecraft:killed_by":{"minecraft:skeleton":2},"minecraft:used":{"minecraft:moss_block":2,"minecraft:stone_sword":39,"minecraft:stone_pickaxe":129,"minecraft:shield":2,"minecraft:wooden_pickaxe":3,"minecraft:rotten_flesh":4,"minecraft:torch":7,"minecraft:glow_berries":7,"minecraft:crafting_table":3,"minecraft:iron_axe":28,"minecraft:iron_pickaxe":157,"naturalist:glow_goop":3,"minecraft:cobblestone":5,"minecraft:furnace":2,"minecraft:cooked_porkchop":1,"minecraft:egg":1,"farmersdelight:fruit_salad":3},"minecraft:picked_up":{"minecraft:birch_log":14,"simplehats:chefshat":1,"mythicmetals:aquarium_pearl":1,"minecraft:stone_slab":1,"create:raw_zinc":29,"minecraft:dirt":2,"minecraft:string":4,"minecraft:moss_carpet":2,"mythicmetals:raw_aquarium":17,"minecraft:raw_copper":24,"naturalist:glow_goop":3,"minecraft:wheat_seeds":2,"mythicmetals:raw_osmium":4,"minecraft:white_tulip":2,"cobblemon:thunder_stone":1,"minecraft:azalea":3,"minecraft:moss_block":10,"minecraft:gray_bed":1,"mythicmetals:raw_silver":36,"minecraft:birch_sapling":2,"minecraft:flowering_azalea":2,"minecraft:furnace":2,"minecraft:egg":1,"minecraft:stick":2,"minecraft:raw_iron":10,"simplehats:hatbag_common":3,"simplehats:sheep":2,"minecraft:torch":3,"minecraft:porkchop":1,"mythicmetals:raw_quadrillum":17,"minecraft:tnt":2,"minecraft:arrow":1,"minecraft:rotten_flesh":12,"mythicmetals:raw_manganese":26,"simplehats:caddycap":1,"minecraft:emerald":6,"supplementaries:ash":8,"minecraft:glow_berries":12,"minecraft:coal":74,"minecraft:cobblestone":87},"minecraft:mined":{"create:zinc_ore":29,"mythicmetals:osmium_ore":3,"minecraft:clay":1,"minecraft:torch":1,"mythicmetals:silver_ore":23,"minecraft:stone_slab":1,"minecraft:tall_grass":1,"minecraft:copper_ore":7,"minecraft:cobblestone":8,"minecraft:moss_block":8,"minecraft:wall_torch":1,"supplementaries:urn":3,"minecraft:furnace":2,"mythicmetals:quadrillum_ore":11,"mythicmetals:aquarium_ore":13,"minecraft:birch_log":14,"minecraft:iron_ore":8,"mythicmetals:manganese_ore":16,"minecraft:gray_bed":1,"minecraft:moss_carpet":1,"minecraft:tnt":1,"minecraft:grass":3,"minecraft:coal_ore":63,"minecraft:cave_vines":2,"cobblemon:thunder_stone_ore":1,"minecraft:dirt":1,"minecraft:azalea":2,"minecraft:stone":85,"minecraft:white_tulip":1},"minecraft:crafted":{"minecraft:cooked_porkchop":1,"minecraft:iron_nugget":9,"minecraft:crafting_table":3,"mythicmetals:quadrillum_ingot":17,"minecraft:wooden_pickaxe":1,"minecraft:furnace":2,"mythicmetals:silver_ingot":25,"minecraft:birch_planks":56,"naturalist:glow_goop":10,"mythicmetals:silver_chestplate":1,"minecraft:air":0,"minecraft:shield":1,"minecraft:iron_axe":1,"minecraft:stick":16,"minecraft:iron_ingot":17,"minecraft:iron_pickaxe":1,"minecraft:stone_pickaxe":1,"minecraft:stone_sword":1,"minecraft:torch":20,"simplyswords:mythicmetals_compat/aquarium/aquarium_claymore":1,"create:zinc_ingot":20,"mythicmetals:aquarium_ingot":17},"minecraft:killed":{"minecraft:spider":1,"minecraft:skeleton":1,"minecraft:zombie":13},"minecraft:custom":{"minecraft:interact_with_furnace":36,"lootr:looted_stat":2,"minecraft:mob_kills":15,"minecraft:interact_with_crafting_table":14,"minecraft:leave_game":3,"minecraft:time_since_death":37156,"minecraft:climb_one_cm":155,"minecraft:time_since_rest":37181,"minecraft:sprint_one_cm":53414,"minecraft:damage_taken":1113,"minecraft:walk_one_cm":195209,"minecraft:damage_blocked_by_shield":135,"minecraft:drop":30,"minecraft:damage_dealt":3022,"minecraft:fly_one_cm":62103,"minecraft:crouch_one_cm":4269,"minecraft:play_time":44127,"minecraft:deaths":2,"minecraft:sneak_time":1332,"minecraft:walk_under_water_one_cm":775,"minecraft:jump":532,"minecraft:walk_on_water_one_cm":8887,"minecraft:total_world_time":44127,"minecraft:fall_one_cm":13761},"minecraft:dropped":{"minecraft:white_tulip":2,"minecraft:moss_carpet":2,"minecraft:moss_block":8,"minecraft:wheat_seeds":2,"minecraft:stone_sword":1,"minecraft:tnt":1,"minecraft:bowl":3,"minecraft:birch_sapling":2,"minecraft:cobblestone":61,"minecraft:rotten_flesh":8,"simplehats:sheep":1,"minecraft:stone_slab":1,"minecraft:stick":3,"minecraft:dirt":2,"supplementaries:ash":8,"minecraft:azalea":3,"minecraft:spider_eye":3,"minecraft:flowering_azalea":2,"minecraft:arrow":1,"minecraft:stone_pickaxe":1,"minecraft:wooden_pickaxe":1,"minecraft:string":4}},"DataVersion":3465}