{"stats":{"minecraft:mined":{"create:zinc_ore":29,"minecraft:dark_oak_leaves":1,"mythicmetals:osmium_ore":3,"minecraft:dark_oak_log":6,"mythicmetals:silver_ore":23,"minecraft:moss_block":8,"mythicmetals:quadrillum_ore":11,"minecraft:furnace":2,"minecraft:iron_ore":8,"cobblemon:black_apricorn":1,"minecraft:moss_carpet":1,"cobblemon:charti_berry":1,"minecraft:cave_vines":2,"minecraft:azalea":2,"minecraft:white_tulip":1,"minecraft:stone":85,"minecraft:clay":1,"minecraft:torch":1,"minecraft:poppy":1,"minecraft:rose_bush":2,"minecraft:stone_slab":1,"minecraft:tall_grass":1,"minecraft:copper_ore":7,"minecraft:cobblestone":8,"minecraft:wall_torch":1,"supplementaries:urn":3,"minecraft:birch_planks":30,"mythicmetals:aquarium_ore":13,"cobblemon:bluk_berry":1,"minecraft:birch_log":72,"mythicmetals:manganese_ore":16,"minecraft:gray_bed":1,"minecraft:birch_leaves":2,"minecraft:tnt":1,"minecraft:orange_tulip":5,"minecraft:grass":21,"minecraft:oak_log":17,"minecraft:coal_ore":63,"cobblemon:thunder_stone_ore":1,"minecraft:dirt":1,"minecraft:fern":2},"minecraft:dropped":{"minecraft:moss_block":8,"minecraft:wheat_seeds":3,"minecraft:tnt":1,"minecraft:cobblestone":61,"simplehats:sheep":1,"minecraft:stick":3,"minecraft:dirt":2,"minecraft:flowering_azalea":2,"minecraft:string":4,"ftbquests:book":1,"minecraft:white_tulip":2,"minecraft:moss_carpet":2,"minecraft:stone_sword":1,"minecraft:bowl":3,"minecraft:birch_sapling":10,"minecraft:rotten_flesh":8,"minecraft:stone_slab":1,"supplementaries:ash":8,"minecraft:azalea":3,"minecraft:spider_eye":3,"minecraft:arrow":1,"minecraft:wooden_pickaxe":1,"minecraft:stone_pickaxe":1},"minecraft:killed":{"minecraft:spider":1,"minecraft:skeleton":1,"minecraft:zombie":13},"minecraft:custom":{"lootr:looted_stat":2,"minecraft:mob_kills":15,"minecraft:interact_with_crafting_table":19,"minecraft:leave_game":4,"minecraft:time_since_death":12724,"minecraft:climb_one_cm":155,"minecraft:sprint_one_cm":101139,"minecraft:walk_one_cm":287833,"minecraft:damage_blocked_by_shield":135,"minecraft:drop":37,"minecraft:play_time":73986,"minecraft:deaths":3,"minecraft:sneak_time":1481,"minecraft:walk_under_water_one_cm":775,"minecraft:jump":740,"minecraft:walk_on_water_one_cm":9089,"minecraft:total_world_time":73986,"minecraft:interact_with_furnace":45,"minecraft:time_since_rest":12754,"minecraft:damage_taken":1231,"minecraft:damage_dealt":3415,"minecraft:fly_one_cm":109585,"minecraft:open_chest":16,"minecraft:crouch_one_cm":4927,"minecraft:fall_one_cm":20108},"minecraft:crafted":{"minecraft:iron_nugget":9,"mythicmetals:quadrillum_ingot":17,"cobblemon:slate_ball":4,"candlelight:rose":3,"minecraft:furnace":2,"mythicmetals:silver_chestplate":1,"minecraft:iron_axe":1,"minecraft:stone_pickaxe":1,"minecraft:chest":2,"minecraft:red_dye":7,"minecraft:cooked_porkchop":1,"minecraft:crafting_table":4,"minecraft:wooden_pickaxe":1,"minecraft:copper_ingot":1,"mythicmetals:silver_ingot":25,"minecraft:birch_planks":148,"naturalist:glow_goop":10,"minecraft:air":0,"cobblemon:poke_ball":4,"minecraft:shield":1,"minecraft:stick":16,"minecraft:iron_ingot":18,"minecraft:iron_pickaxe":1,"minecraft:stone_sword":1,"cobblemon:red_apricorn":1,"minecraft:torch":20,"simplyswords:mythicmetals_compat/aquarium/aquarium_claymore":1,"create:zinc_ingot":29,"mythicmetals:aquarium_ingot":17},"minecraft:picked_up":{"simplehats:chefshat":1,"minecraft:stone_slab":1,"cobblemon:charti_berry":13,"minecraft:string":4,"minecraft:moss_carpet":2,"mythicmetals:raw_aquarium":17,"minecraft:raw_copper":24,"mythicmetals:raw_osmium":4,"minecraft:white_tulip":2,"minecraft:rose_bush":2,"minecraft:azalea":3,"minecraft:poppy":1,"minecraft:birch_sapling":19,"minecraft:egg":1,"minecraft:furnace":2,"minecraft:stick":13,"minecraft:raw_iron":10,"simplehats:hatbag_common":3,"minecraft:torch":3,"minecraft:porkchop":1,"minecraft:tnt":2,"minecraft:arrow":1,"minecraft:rotten_flesh":12,"mythicmetals:raw_manganese":26,"simplehats:caddycap":1,"supplementaries:ash":8,"minecraft:glow_berries":12,"minecraft:cobblestone":87,"minecraft:birch_log":72,"mythicmetals:aquarium_pearl":1,"cobblemon:razz_berry":24,"herbalbrews:tea_blossom":1,"minecraft:birch_planks":30,"cobblemon:bluk_berry":30,"minecraft:oak_log":17,"create:raw_zinc":29,"minecraft:dirt":2,"naturalist:glow_goop":3,"minecraft:orange_tulip":5,"cobblemon:black_apricorn":9,"minecraft:wheat_seeds":5,"ftbquests:book":1,"cobblemon:thunder_stone":1,"minecraft:moss_block":10,"minecraft:gray_bed":1,"mythicmetals:raw_silver":36,"minecraft:flowering_azalea":2,"simplehats:sheep":2,"mythicmetals:raw_quadrillum":17,"minecraft:dark_oak_log":6,"minecraft:emerald":6,"minecraft:coal":74,"simplehats:paperbag":1},"minecraft:killed_by":{"cobblemon:pokemon":1,"minecraft:skeleton":2},"minecraft:used":{"minecraft:moss_block":2,"simplehats:hatdisplay":1,"minecraft:stone_sword":39,"minecraft:chest":2,"minecraft:shield":2,"minecraft:rotten_flesh":4,"minecraft:torch":7,"minecraft:iron_axe":142,"minecraft:furnace":4,"minecraft:gray_bed":1,"minecraft:egg":1,"minecraft:birch_planks":31,"minecraft:stone_pickaxe":129,"simplyswords:mythicmetals_compat/aquarium/aquarium_claymore":6,"minecraft:wooden_pickaxe":3,"minecraft:glow_berries":7,"minecraft:crafting_table":4,"minecraft:iron_pickaxe":157,"bakery:strawberry_cake_slice":1,"naturalist:glow_goop":3,"minecraft:cobblestone":5,"minecraft:cooked_porkchop":1,"farmersdelight:fruit_salad":3}},"DataVersion":3465}