{"stats":{"minecraft:dropped":{"minecraft:gold_ore":10,"minecraft:moss_block":8,"minecraft:brown_mushroom":1,"simplehats:sheep":1,"minecraft:leather_helmet":1,"minecraft:flint":2,"minecraft:dirt":6,"minecraft:iron_pickaxe":20,"minecraft:birch_log":1,"ftbquests:book":1,"minecraft:white_wool":2,"minecraft:gravel":3,"minecraft:white_tulip":2,"minecraft:iron_nugget":2,"minecraft:birch_sapling":23,"minecraft:rotten_flesh":8,"supplementaries:ash":8,"minecraft:sea_lantern":6,"minecraft:azalea":3,"minecraft:iron_ore":42,"minecraft:arrow":1,"minecraft:wheat_seeds":4,"minecraft:tnt":1,"cobblemon:roasted_leek":1,"minecraft:feather":2,"minecraft:cobblestone":61,"minecraft:stick":3,"minecraft:oxeye_daisy":1,"minecraft:heart_of_the_sea":1,"minecraft:flowering_azalea":2,"minecraft:smooth_stone":2,"minecraft:string":4,"minecraft:spruce_sapling":24,"minecraft:moss_carpet":2,"minecraft:stone_sword":2,"minecraft:bowl":3,"minecraft:stone_slab":1,"minecraft:filled_map":1,"simplehats:caddycap":1,"minecraft:shield":1,"minecraft:bundle":1,"minecraft:spider_eye":4,"minecraft:bow":1,"minecraft:stone_pickaxe":1,"minecraft:wooden_pickaxe":1},"minecraft:killed":{"minecraft:cave_spider":1,"minecraft:spider":7,"naturalist:boar":3,"creeperoverhaul:dripstone_creeper":1,"minecraft:skeleton":7,"minecraft:chicken":3,"artifacts:mimic":1,"minecraft:sheep":1,"minecraft:zombie":21,"minecraft:cow":4,"naturalist:duck":4,"minecraft:drowned":1,"friendsandfoes:copper_golem":1,"cobblemon:pokemon":4,"naturalist:bear":1},"minecraft:picked_up":{"simplehats:chefshat":1,"minecraft:wheat":112,"vinery:red_grape":2,"minecraft:anvil":1,"minecraft:stone_slab":1,"cobblemon:red_apricorn":37,"cobblemon:charti_berry":30,"bakery:strawberry_seeds":6,"minecraft:brewing_stand":1,"mythicmetals:banglum_ore":6,"minecraft:string":25,"mythicmetals:raw_aquarium":17,"minecraft:raw_copper":175,"minecraft:smooth_stone":10,"mythicmetals:raw_osmium":4,"minecraft:white_tulip":4,"minecraft:rose_bush":2,"minecraft:azalea":3,"mcwwindows:dark_oak_blinds":3,"minecraft:iron_pickaxe":17,"minecraft:furnace":6,"minecraft:stick":154,"cobblemon:apricorn_log":5,"cobblemon:pc":3,"minecraft:composter":3,"minecraft:oak_fence":1,"minecraft:torch":45,"minecraft:green_bed":2,"minecraft:porkchop":6,"simplehats:strawberry_hat":1,"minecraft:honey_bottle":3,"minecraft:rotten_flesh":16,"mythicmetals:raw_manganese":26,"farmersdelight:onion":11,"minecraft:cyan_terracotta":19,"simplehats:caddycap":1,"supplementaries:ash":8,"minecraft:iron_bars":1,"minecraft:snowball":35,"minecraft:cobblestone":376,"minecraft:birch_log":246,"minecraft:feather":9,"cobblemon:great_ball":9,"cobblemon:ultra_ball":3,"artifacts:thorn_pendant":1,"herbalbrews:tea_blossom":2,"cobblemon:razz_berry":24,"minecraft:flint":3,"create:raw_zinc":34,"cobblemon:bluk_berry":82,"minecraft:lapis_lazuli":24,"minecraft:dirt":610,"minecraft:bone":5,"a_man_with_plushies:isaac_plush":3,"mcwbridges:balustrade_stone_bricks_bridge":3,"minecraft:orange_tulip":5,"minecraft:stonecutter":3,"minecraft:bow":1,"minecraft:wheat_seeds":309,"cobblemon:black_apricorn":22,"ftbquests:book":1,"mcwlights:double_street_lamp":3,"cobblemon:thunder_stone":1,"simplehats:hatbag_uncommon":1,"minecraft:moss_block":10,"minecraft:prismarine":3,"minecraft:oak_planks":1,"mythicmetals:raw_silver":37,"simplehats:sheep":2,"minecraft:sand":94,"mythicmetals:raw_quadrillum":22,"cobblemon:persim_berry":23,"minecraft:ink_sac":5,"mcwdoors:dark_oak_japanese_door":6,"minecraft:dark_oak_log":24,"naturalist:duck_egg":3,"minecraft:bundle":31,"minecraft:light_gray_terracotta":53,"minecraft:diamond":3,"cobblemon:poke_ball":6,"cobblemon:rindo_berry":10,"minecraft:emerald":6,"minecraft:bread":19,"minecraft:rooted_dirt":1,"cobblemon:medicinal_leek":42,"minecraft:oak_sapling":19,"minecraft:shelter_pottery_sherd":1,"minecraft:crafting_table":6,"minecraft:allium":30,"minecraft:chicken":5,"minecraft:clay_ball":54,"cobblemon:yellow_apricorn":35,"minecraft:brown_mushroom":1,"minecraft:stone_brick_wall":5,"minecraft:brick":3,"minecraft:moss_carpet":2,"minecraft:iron_shovel":1,"cobblemon:green_apricorn":7,"minecraft:beef":6,"minecraft:iron_nugget":1,"minecraft:poppy":1,"minecraft:birch_sapling":56,"minecraft:sugar_cane":27,"minecraft:chest":20,"cobblemon:chople_berry":7,"minecraft:egg":9,"mcwfences:modern_stone_brick_wall":1,"minecraft:raw_iron":139,"naturalist:duck":4,"minecraft:stone":130,"simplehats:hatbag_common":3,"minecraft:copper_ingot":2,"mcwwindows:spruce_window":1,"fwaystones:waystone":2,"mythicmetals:raw_tin":3,"minecraft:carrot":15,"minecraft:prismarine_crystals":14,"minecraft:tnt":2,"minecraft:arrow":13,"minecraft:glow_berries":13,"minecraft:mutton":3,"cobblemon:blue_apricorn":93,"minecraft:white_wool":3,"minecraft:oxeye_daisy":1,"mythicmetals:aquarium_pearl":1,"cobblemon:ancient_poke_ball":22,"minecraft:golden_carrot":3,"mythicmetals:raw_banglum":18,"minecraft:leather":8,"minecraft:filled_map":1,"minecraft:birch_planks":68,"minecraft:oak_log":79,"cobblemon:slate_ball":2,"minecraft:gunpowder":1,"cobblemon:pink_apricorn_seed":1,"naturalist:glow_goop":3,"mcwwindows:spruce_four_window":6,"minecraft:apple":1,"minecraft:stone_bricks":8,"a_man_with_plushies:gd_cube_plush":3,"a_man_with_plushies:boyfriend_plush":4,"minecraft:heart_of_the_sea":1,"minecraft:iron_ore":42,"cobblemon:coba_berry":16,"minecraft:gray_bed":2,"minecraft:flowering_azalea":2,"cobblemon:red_apricorn_seed":6,"bakery:strawberry":18,"minecraft:sweet_berries":2,"a_man_with_plushies:allay_plush":3,"cobblemon:black_apricorn_seed":1,"cobblemon:blue_apricorn_seed":13,"minecraft:gravel":37,"minecraft:birch_stairs":12,"cobblemon:yellow_apricorn_seed":3,"cobblemon:pink_apricorn":6,"minecraft:spruce_sapling":112,"minecraft:spruce_log":330,"minecraft:gold_ore":10,"minecraft:spider_eye":1,"luphieclutteredmod:blue_bicycle":1,"simplehats:fullironhelm":1,"minecraft:coal_ore":18,"minecraft:baked_potato":4,"simplehats:paperbag":1,"minecraft:coal":268},"minecraft:custom":{"lootr:looted_stat":21,"minecraft:interact_with_crafting_table":104,"minecraft:bell_ring":1,"minecraft:leave_game":8,"minecraft:time_since_death":609630,"minecraft:sprint_one_cm":1192167,"minecraft:damage_blocked_by_shield":135,"minecraft:drop":91,"minecraft:talked_to_villager":15,"minecraft:play_time":740439,"minecraft:deaths":5,"minecraft:jump":4204,"minecraft:walk_on_water_one_cm":77643,"minecraft:interact_with_furnace":193,"minecraft:sleep_in_bed":6,"minecraft:damage_dealt":9877,"minecraft:crouch_one_cm":80004,"minecraft:interact_with_anvil":3,"minecraft:mob_kills":60,"minecraft:climb_one_cm":902,"minecraft:walk_one_cm":2281373,"minecraft:sneak_time":17490,"minecraft:walk_under_water_one_cm":90332,"minecraft:interact_with_blast_furnace":1,"minecraft:total_world_time":740439,"minecraft:interact_with_stonecutter":15,"minecraft:time_since_rest":186359,"minecraft:damage_taken":4027,"minecraft:swim_one_cm":68152,"minecraft:fly_one_cm":882796,"minecraft:open_chest":553,"minecraft:fall_one_cm":89521},"minecraft:broken":{"minecraft:iron_shovel":2,"minecraft:iron_axe":2,"minecraft:iron_pickaxe":3},"minecraft:crafted":{"naturalist:cooked_duck":4,"mcwwindows:window_half_bar_base":32,"minecraft:oak_planks":152,"create:birch_window":2,"minecraft:cooked_chicken":5,"mcwwindows:spruce_four_window":24,"cobblemon:slate_ball":4,"minecraft:stone":267,"mcwwindows:dark_oak_blinds":24,"minecraft:cooked_mutton":3,"minecraft:iron_bars":16,"cobblemon:gilded_chest":1,"minecraft:glass":64,"minecraft:stone_brick_slab":6,"cobblemon:blue_apricorn":6,"minecraft:birch_fence_gate":20,"minecraft:chest":25,"minecraft:copper_block":1,"minecraft:stone_hoe":1,"minecraft:oak_fence":15,"mythicmetals:tin_ingot":3,"minecraft:sea_lantern":3,"minecraft:cooked_porkchop":6,"minecraft:crafting_table":6,"mcwwindows:window_centre_bar_base":32,"minecraft:wooden_pickaxe":1,"minecraft:baked_potato":1,"minecraft:copper_ingot":67,"minecraft:birch_planks":929,"mcwfences:modern_stone_brick_wall":7,"naturalist:glow_goop":10,"cobblemon:poke_ball":4,"cobblemon:quick_ball":12,"minecraft:dark_oak_slab":24,"minecraft:diamond_pickaxe":1,"mcwwindows:window_base":32,"minecraft:shield":1,"minecraft:stick":144,"minecraft:light_blue_dye":2,"minecraft:iron_ingot":127,"minecraft:iron_pickaxe":4,"minecraft:iron_block":3,"minecraft:stone_sword":2,"minecraft:gold_ingot":20,"minecraft:light_gray_dye":2,"create:dark_oak_window":10,"cobblemon:red_apricorn":1,"minecraft:birch_stairs":44,"cobblemon:display_case":1,"minecraft:stone_shovel":1,"minecraft:stone_brick_wall":7,"minecraft:smooth_stone_slab":6,"minecraft:iron_nugget":99,"luphieclutteredmod:blue_bicycle":1,"mythicmetals:quadrillum_ingot":19,"candlelight:rose":3,"minecraft:furnace":2,"minecraft:bone_meal":30,"mythicmetals:silver_chestplate":1,"mcwlights:double_street_lamp":9,"minecraft:lantern":11,"minecraft:iron_axe":5,"bbb:hammer":1,"minecraft:stone_pickaxe":1,"minecraft:dark_oak_planks":96,"mcwbridges:balustrade_stone_bricks_bridge":1,"minecraft:cooked_beef":6,"mcwdoors:dark_oak_japanese_door":3,"minecraft:red_dye":7,"cobblemon:roasted_leek":26,"cobblemon:pc":1,"minecraft:bucket":1,"mythicmetals:silver_ingot":42,"minecraft:orange_dye":5,"minecraft:bread":21,"minecraft:air":0,"minecraft:blue_dye":8,"minecraft:golden_apple":1,"minecraft:white_dye":1,"mythicmetals:banglum_ingot":18,"betterend:iron_hammer":1,"minecraft:iron_shovel":4,"minecraft:stonecutter":1,"minecraft:anvil":1,"minecraft:torch":68,"simplyswords:mythicmetals_compat/aquarium/aquarium_claymore":1,"cobblemon:ultra_ball":12,"create:zinc_ingot":29,"cobblemon:great_ball":24,"mythicmetals:aquarium_ingot":17},"minecraft:used":{"fwaystones:waystone":2,"minecraft:moss_block":2,"simplehats:hatdisplay":1,"minecraft:iron_shovel":817,"minecraft:chest":44,"minecraft:shield":2,"minecraft:stone":6,"minecraft:rotten_flesh":4,"cobblemon:gilded_chest":1,"farmersdelight:rich_soil_farmland":5,"minecraft:carrot":5,"a_man_with_plushies:allay_plush":2,"minecraft:cyan_terracotta":1,"minecraft:coal_ore":18,"mcwwindows:spruce_four_window":30,"minecraft:stone_bricks":304,"minecraft:sweet_berries":2,"minecraft:furnace":8,"minecraft:cooked_cod":5,"minecraft:gray_bed":2,"minecraft:egg":2,"minecraft:potato":4,"mythicmetals:banglum_ore":6,"minecraft:stone_pickaxe":129,"minecraft:prismarine":3,"minecraft:oak_planks":1,"minecraft:wooden_pickaxe":3,"minecraft:composter":2,"minecraft:sugar_cane":4,"a_man_with_plushies:isaac_plush":3,"mcwbridges:balustrade_stone_bricks_bridge":3,"cobblemon:roasted_leek":23,"minecraft:glow_berries":8,"cobblemon:yellow_apricorn_seed":2,"minecraft:stone_brick_wall":29,"mcwlights:double_street_lamp":9,"a_man_with_plushies:gd_cube_plush":3,"minecraft:birch_fence_gate":20,"minecraft:bread":10,"cobblemon:red_apricorn_seed":4,"naturalist:cooked_duck":4,"cobblemon:medicinal_leek":9,"minecraft:birch_log":12,"a_man_with_plushies:boyfriend_plush":4,"minecraft:bone_meal":20,"minecraft:iron_bars":15,"minecraft:stone_sword":48,"minecraft:stone_shovel":68,"cobblemon:display_case":1,"minecraft:stone_hoe":116,"minecraft:cooked_chicken":5,"minecraft:torch":88,"minecraft:brewing_stand":1,"minecraft:dirt":476,"minecraft:anvil":2,"minecraft:sea_lantern":4,"mcwdoors:dark_oak_japanese_door":9,"minecraft:iron_axe":768,"cobblemon:pc":4,"bakery:strawberry_seeds":3,"minecraft:cooked_beef":6,"vinery:red_grape":2,"minecraft:wheat_seeds":14,"minecraft:cooked_mutton":3,"minecraft:water_bucket":4,"minecraft:iron_ore":56,"minecraft:birch_planks":683,"minecraft:bundle":21,"minecraft:baked_potato":5,"simplyswords:mythicmetals_compat/aquarium/aquarium_claymore":125,"minecraft:stonecutter":4,"minecraft:green_bed":2,"a_man_with_plushies:golden_plush_box":2,"minecraft:salmon":2,"minecraft:crafting_table":12,"bakery:strawberry":12,"mcwfences:modern_stone_brick_wall":7,"cobblemon:healing_machine":1,"minecraft:spruce_log":300,"minecraft:oak_log":41,"create:birch_window":2,"minecraft:iron_pickaxe":1083,"betterend:iron_hammer":7,"minecraft:spruce_sapling":35,"bakery:strawberry_cake_slice":1,"herbalbrews:tea_blossom":1,"naturalist:glow_goop":3,"minecraft:cobblestone":13,"mcwwindows:dark_oak_blinds":27,"luphieclutteredmod:blue_bicycle":2,"minecraft:cooked_porkchop":6,"minecraft:bucket":4,"farmersdelight:fruit_salad":3,"create:dark_oak_window":10,"cobblemon:blue_apricorn_seed":6,"minecraft:birch_stairs":54},"minecraft:mined":{"cobblemon:pc":3,"cobblemon:apricorn_log":5,"minecraft:brewing_stand":1,"minecraft:grass_block":393,"minecraft:composter":3,"minecraft:oxeye_daisy":1,"minecraft:spawner":1,"minecraft:smooth_stone":9,"minecraft:tall_seagrass":5,"minecraft:iron_ore":98,"minecraft:moss_carpet":1,"minecraft:anvil":1,"cobblemon:charti_berry":1,"cobblemon:medicinal_leek":16,"minecraft:cave_vines":2,"minecraft:azalea":2,"minecraft:green_bed":1,"minecraft:brown_mushroom":1,"minecraft:cyan_terracotta":19,"minecraft:torch":14,"minecraft:clay":16,"cobblemon:apricorn_leaves":7,"minecraft:light_gray_terracotta":53,"minecraft:poppy":1,"minecraft:chest":20,"minecraft:cobblestone":20,"a_man_with_plushies:gd_cube_plush":2,"minecraft:prismarine":3,"minecraft:sugar_cane":12,"minecraft:oak_planks":1,"mcwwindows:spruce_four_window":6,"minecraft:wall_torch":30,"minecraft:seagrass":1,"mythicmetals:aquarium_ore":13,"cobblemon:bluk_berry":1,"minecraft:birch_log":78,"minecraft:wheat":114,"mythicmetals:manganese_ore":16,"diagonalwindows:minecraft/iron_bars":1,"cobblemon:persim_berry":1,"minecraft:tnt":1,"minecraft:orange_tulip":6,"minecraft:grass":34,"diagonalfences:mcwfences/modern_stone_brick_wall":1,"minecraft:oak_log":40,"cobblemon:thunder_stone_ore":1,"minecraft:sand":221,"minecraft:dirt":225,"mcwdoors:dark_oak_japanese_door":6,"minecraft:stonecutter":3,"create:zinc_ore":34,"luphieclutteredmod:blue_bicycle":1,"minecraft:dark_oak_leaves":1,"farmersdelight:wild_carrots":15,"mythicmetals:osmium_ore":3,"minecraft:dark_oak_log":6,"minecraft:sea_lantern":5,"minecraft:allium":6,"mythicmetals:silver_ore":24,"minecraft:decorated_pot":1,"minecraft:spruce_leaves":7,"cobblemon:red_apricorn_sapling":1,"minecraft:moss_block":8,"minecraft:rooted_dirt":1,"farmersdelight:wild_onions":11,"cobblemon:blue_apricorn":2,"mythicmetals:quadrillum_ore":14,"minecraft:furnace":6,"mcwlights:double_street_lamp":3,"minecraft:snow":35,"bakery:strawberry_crop":1,"cobblemon:black_apricorn":1,"mythicmetals:tin_ore":2,"treechop:chopped_log":56,"a_man_with_plushies:isaac_plush":2,"minecraft:stone":493,"minecraft:white_tulip":3,"mcwwindows:dark_oak_blinds":3,"minecraft:white_wool":4,"create:dark_oak_window":3,"minecraft:birch_stairs":12,"diagonalwalls:minecraft/stone_brick_wall":5,"a_man_with_plushies:boyfriend_plush":3,"mcwbridges:balustrade_stone_bricks_bridge":3,"minecraft:oak_fence":1,"minecraft:crafting_table":6,"bakery:wild_strawberries":16,"minecraft:rose_bush":2,"minecraft:stone_slab":1,"minecraft:tall_grass":2,"minecraft:copper_ore":43,"minecraft:lapis_ore":5,"supplementaries:urn":3,"minecraft:birch_planks":69,"minecraft:ice":65,"minecraft:sweet_berry_bush":1,"minecraft:gray_bed":2,"minecraft:spruce_log":20,"a_man_with_plushies:allay_plush":2,"minecraft:birch_leaves":2,"minecraft:coal_ore":205,"create:birch_window":2,"minecraft:gravel":40,"minecraft:cobweb":17,"minecraft:stone_bricks":8,"mythicmetals:banglum_ore":15,"minecraft:fern":2},"minecraft:killed_by":{"cobblemon:pokemon":1,"creeperoverhaul:dripstone_creeper":1,"minecraft:skeleton":2}},"DataVersion":3465}