{"stats":{"minecraft:killed_by":{"minecraft:skeleton":2},"minecraft:used":{"minecraft:stone_pickaxe":118,"minecraft:wooden_pickaxe":3,"minecraft:rotten_flesh":2,"minecraft:torch":1,"minecraft:cobblestone":1,"minecraft:crafting_table":1,"minecraft:egg":1},"minecraft:picked_up":{"minecraft:birch_log":7,"minecraft:stick":2,"minecraft:raw_iron":3,"minecraft:stone_slab":1,"minecraft:porkchop":1,"minecraft:string":2,"minecraft:raw_copper":20,"minecraft:rotten_flesh":3,"mythicmetals:raw_manganese":8,"minecraft:wheat_seeds":1,"minecraft:white_tulip":1,"minecraft:moss_block":1,"mythicmetals:raw_silver":5,"minecraft:birch_sapling":2,"minecraft:coal":43,"minecraft:cobblestone":52,"minecraft:egg":1},"minecraft:mined":{"minecraft:iron_ore":3,"minecraft:birch_log":7,"mythicmetals:manganese_ore":5,"minecraft:grass":2,"mythicmetals:silver_ore":3,"minecraft:coal_ore":43,"minecraft:cave_vines":1,"minecraft:stone_slab":1,"minecraft:copper_ore":7,"minecraft:azalea":1,"minecraft:white_tulip":1,"minecraft:stone":54,"minecraft:moss_block":1},"minecraft:crafted":{"minecraft:crafting_table":1,"minecraft:stick":8,"minecraft:wooden_pickaxe":1,"minecraft:stone_pickaxe":1,"minecraft:stone_sword":1,"minecraft:torch":20,"minecraft:birch_planks":28},"minecraft:killed":{"minecraft:zombie":1,"minecraft:spider":1},"minecraft:custom":{"minecraft:time_since_rest":10368,"minecraft:sprint_one_cm":32070,"minecraft:damage_taken":590,"minecraft:walk_one_cm":78343,"minecraft:mob_kills":2,"minecraft:damage_dealt":411,"minecraft:interact_with_crafting_table":3,"minecraft:fly_one_cm":39246,"minecraft:crouch_one_cm":3115,"minecraft:play_time":17314,"minecraft:deaths":2,"minecraft:sneak_time":1141,"minecraft:walk_under_water_one_cm":24,"minecraft:jump":215,"minecraft:time_since_death":10343,"minecraft:walk_on_water_one_cm":656,"minecraft:total_world_time":17314,"minecraft:fall_one_cm":9393}},"DataVersion":3465}