{"stats":{"minecraft:dropped":{"minecraft:birch_planks":5,"minecraft:cooked_beef":4,"simplehats:finnhood":1,"minecraft:glass_bottle":1,"minecraft:crafting_table":2,"minecraft:feather":1,"minecraft:cobblestone":1,"cobblemon:persim_berry":5,"minecraft:copper_ingot":7,"minecraft:stick":1,"cobbledex:cobbledex_item":1,"minecraft:dirt":5,"minecraft:iron_axe":1,"ubesdelight:ginger_chop":2,"minecraft:iron_pickaxe":1,"minecraft:dark_oak_planks":28,"minecraft:white_wool":2,"cobblemon:red_apricorn":6,"minecraft:stone_brick_slab":1,"minecraft:bone":4,"minecraft:stone_axe":1,"minecraft:compass":1,"simplehats:babydolphin":1,"create:ochrum":2,"minecraft:stone_sword":1,"minecraft:wheat":1,"minecraft:soul_lantern":1,"minecraft:stone_shovel":1,"minecraft:light_gray_wool":1,"minecraft:clay_ball":48,"minecraft:stone_slab":1,"minecraft:oak_sign":2,"minecraft:spruce_fence":2,"patchouli:guide_book":1,"minecraft:rabbit_hide":1,"simplehats:moreeyes":1,"minecraft:gunpowder":9,"minecraft:spruce_pressure_plate":1,"brewery:hops_seeds":2,"minecraft:bow":1,"minecraft:arrow":53,"minecraft:egg":3},"minecraft:killed":{"minecraft:evoker":1,"minecraft:vex":3,"minecraft:witch":1,"minecraft:vindicator":2,"minecraft:phantom":2,"naturalist:boar":1,"creeperoverhaul:dripstone_creeper":1,"minecraft:skeleton":10,"minecraft:drowned":1,"cobblemon:pokemon":5,"minecraft:sheep":16,"minecraft:pillager":2,"minecraft:zombie":8,"minecraft:player":1,"minecraft:cow":8},"minecraft:picked_up":{"simplehats:babydolphin":2,"minecraft:crafting_table":10,"minecraft:wheat":6,"simplehats:hatbag_rare":1,"minecraft:chicken":3,"minecraft:clay_ball":48,"minecraft:flower_pot":1,"cobblemon:red_apricorn":12,"minecraft:stone_slab":2,"minecraft:brick":1,"minecraft:lapis_block":1,"simplehats:breadhat":1,"minecraft:string":3,"minecraft:raw_copper":87,"minecraft:iron_axe":1,"cobblemon:exp_candy_s":2,"minecraft:spruce_planks":1,"minecraft:beef":21,"cobblemon:oran_berry":22,"cobblemon:relic_coin":61,"minecraft:phantom_membrane":2,"minecraft:iron_pickaxe":1,"minecraft:light_gray_wool":1,"minecraft:chest":2,"minecraft:birch_sapling":3,"minecraft:furnace":3,"minecraft:egg":6,"minecraft:spruce_pressure_plate":1,"minecraft:dark_oak_sapling":1,"minecraft:raw_iron":12,"minecraft:stone":5,"cobblemon:pc":1,"minecraft:copper_ingot":1,"minecraft:torch":7,"minecraft:bowl":1,"minecraft:spruce_fence":2,"minecraft:porkchop":2,"fwaystones:waystone":4,"simplehats:nyan_doll":1,"minecraft:arrow":54,"minecraft:honey_bottle":1,"minecraft:rotten_flesh":6,"simplehats:spadesoldier":1,"create:ochrum":2,"minecraft:cyan_terracotta":2,"simplehats:dumhat":1,"minecraft:totem_of_undying":1,"minecraft:mutton":26,"cobblemon:blue_apricorn":10,"minecraft:white_wool":15,"minecraft:cobblestone":105,"minecraft:birch_log":5,"simplehats:floatinghearts":1,"minecraft:feather":1,"cobblemon:great_ball":19,"minecraft:leather":10,"minecraft:smoker":2,"minecraft:red_mushroom":1,"minecraft:flint":2,"minecraft:lily_pad":1,"cobblemon:slate_ball":2,"minecraft:oak_log":22,"simplehats:moreeyes":1,"minecraft:gunpowder":7,"minecraft:cobblestone_stairs":1,"farmersdelight:skillet":1,"minecraft:dirt":16,"minecraft:lantern":1,"simplehats:hatbag_epic":1,"brewery:hops_seeds":2,"minecraft:bone":14,"minecraft:bow":2,"minecraft:wheat_seeds":6,"simplehats:finnhood":2,"minecraft:rabbit_hide":2,"minecraft:cooked_chicken":1,"simplehats:hatbag_uncommon":4,"minecraft:rabbit":4,"minecraft:moss_block":6,"minecraft:iron_sword":1,"minecraft:oak_planks":4,"cobbledex:cobbledex_item":1,"cobblemon:red_apricorn_seed":1,"cobblemon:azure_ball":28,"minecraft:cooked_porkchop":4,"minecraft:sweet_berries":2,"patchouli:guide_book":1,"simplehats:toy_story_alien":1,"minecraft:stone_brick_slab":2,"minecraft:sand":13,"cobblemon:persim_berry":5,"minecraft:spruce_log":4,"ubesdelight:ginger_chop":2,"minecraft:dark_oak_log":7,"minecraft:spruce_door":1,"minecraft:bundle":1,"cobblemon:healing_machine":5,"travelersbackpack:standard":2,"cobblemon:poke_ball":9,"minecraft:soul_lantern":1,"minecraft:bone_meal":37,"minecraft:lodestone":1,"cobblemon:medicinal_leek":1,"minecraft:coal":157},"minecraft:custom":{"lootr:looted_stat":83,"minecraft:interact_with_anvil":3,"minecraft:mob_kills":66,"minecraft:inspect_hopper":1,"minecraft:interact_with_crafting_table":72,"minecraft:open_barrel":8,"minecraft:interact_with_campfire":5,"minecraft:leave_game":5,"minecraft:time_since_death":239110,"minecraft:climb_one_cm":18610,"minecraft:sprint_one_cm":1703802,"minecraft:walk_one_cm":604586,"minecraft:damage_blocked_by_shield":525,"minecraft:drop":50,"minecraft:talked_to_villager":13,"minecraft:play_time":316046,"minecraft:sneak_time":4964,"minecraft:deaths":9,"minecraft:walk_under_water_one_cm":27642,"minecraft:interact_with_lectern":3,"minecraft:jump":3101,"minecraft:interact_with_blast_furnace":1,"minecraft:walk_on_water_one_cm":31913,"minecraft:total_world_time":316046,"minecraft:interact_with_furnace":44,"minecraft:interact_with_loom":1,"minecraft:interact_with_grindstone":1,"minecraft:sleep_in_bed":1,"minecraft:time_since_rest":239141,"minecraft:damage_taken":7371,"minecraft:damage_absorbed":40,"minecraft:damage_dealt":9674,"minecraft:swim_one_cm":148958,"minecraft:fly_one_cm":808838,"minecraft:player_kills":1,"minecraft:crouch_one_cm":18531,"minecraft:open_chest":57,"minecraft:interact_with_smoker":16,"minecraft:fall_one_cm":157153},"minecraft:broken":{"minecraft:stone_pickaxe":1},"minecraft:crafted":{"minecraft:oak_planks":88,"minecraft:oak_sign":3,"comforts:sleeping_bag_white":1,"minecraft:cooked_chicken":3,"cobblemon:slate_ball":12,"minecraft:furnace":2,"minecraft:bone_meal":3,"minecraft:cooked_mutton":22,"minecraft:glass":13,"minecraft:iron_boots":1,"minecraft:iron_axe":1,"minecraft:stone_pickaxe":2,"minecraft:chest":3,"cobblemon:azure_ball":28,"minecraft:dark_oak_planks":28,"minecraft:cooked_rabbit":10,"minecraft:smoker":1,"minecraft:cooked_beef":14,"minecraft:cooked_porkchop":2,"minecraft:crafting_table":4,"travelersbackpack:backpack_tank":2,"minecraft:iron_helmet":1,"minecraft:wooden_pickaxe":1,"travelersbackpack:standard":1,"minecraft:iron_sword":1,"minecraft:copper_ingot":17,"minecraft:birch_planks":20,"minecraft:stone_axe":1,"minecraft:bread":4,"minecraft:air":0,"cobblemon:poke_ball":12,"minecraft:diamond_pickaxe":1,"minecraft:shield":1,"minecraft:stick":16,"minecraft:iron_ingot":9,"minecraft:stone_sword":1,"minecraft:iron_leggings":1,"minecraft:gold_ingot":9,"minecraft:torch":60,"minecraft:lapis_lazuli":9},"minecraft:used":{"fwaystones:waystone":4,"minecraft:moss_block":6,"minecraft:stone_sword":124,"minecraft:iron_shovel":13,"minecraft:oak_sign":1,"minecraft:chest":4,"minecraft:shield":9,"minecraft:iron_sword":107,"minecraft:stone":5,"minecraft:cooked_chicken":5,"minecraft:torch":17,"minecraft:dirt":5,"minecraft:mutton":1,"farmersdelight:rich_soil_farmland":1,"minecraft:obsidian":8,"minecraft:honey_bottle":2,"minecraft:milk_bucket":1,"minecraft:stone_brick_slab":1,"minecraft:cyan_terracotta":2,"minecraft:lantern":1,"minecraft:iron_axe":11,"minecraft:totem_of_undying":1,"cobblemon:pc":1,"minecraft:sweet_berries":2,"minecraft:furnace":3,"minecraft:egg":2,"minecraft:cooked_beef":19,"minecraft:cooked_mutton":22,"minecraft:water_bucket":4,"farmersdelight:skillet":1,"minecraft:spruce_door":1,"minecraft:lodestone":1,"minecraft:rabbit":3,"minecraft:oak_planks":39,"minecraft:stone_pickaxe":254,"minecraft:wooden_pickaxe":10,"minecraft:golden_apple":1,"minecraft:crafting_table":10,"cobblemon:healing_machine":6,"minecraft:smoker":3,"minecraft:chicken":1,"minecraft:bread":14,"minecraft:iron_pickaxe":45,"minecraft:stone_slab":1,"minecraft:stone_axe":32,"minecraft:cobblestone":70,"cobblemon:red_apricorn_seed":1,"travelersbackpack:standard":17,"minecraft:cooked_porkchop":15,"minecraft:cooked_rabbit":10,"minecraft:bucket":5,"farmersdelight:fruit_salad":3,"minecraft:bone_meal":3},"minecraft:mined":{"cobblemon:healing_machine":5,"minecraft:tuff":1,"minecraft:spruce_planks":1,"minecraft:dark_oak_leaves":1,"minecraft:cobblestone_stairs":1,"cobblemon:pc":1,"chipped:ancient_iron_block":1,"minecraft:spruce_fence":2,"minecraft:grass_block":4,"minecraft:decorated_pot":5,"create:ochrum":2,"minecraft:spruce_leaves":1,"minecraft:moss_block":6,"minecraft:chiseled_stone_bricks":1,"minecraft:spawner":7,"minecraft:large_fern":2,"minecraft:furnace":3,"minecraft:iron_ore":8,"minecraft:andesite":6,"minecraft:potted_red_mushroom":1,"treechop:chopped_log":1,"minecraft:lime_stained_glass_pane":2,"minecraft:iron_bars":2,"minecraft:packed_ice":2,"minecraft:stone":108,"minecraft:flowering_azalea":1,"brewery:wild_hops":1,"minecraft:cyan_terracotta":12,"minecraft:smoker":2,"minecraft:stone_brick_slab":2,"minecraft:clay":6,"travelersbackpack:standard":2,"minecraft:spruce_door":1,"minecraft:crafting_table":9,"minecraft:torch":2,"minecraft:chest":2,"minecraft:stone_slab":2,"minecraft:copper_ore":16,"minecraft:tall_grass":2,"minecraft:cobblestone":14,"minecraft:oak_planks":5,"minecraft:wall_torch":3,"cobblemon:relic_coin_pouch":4,"supplementaries:urn":1,"farmersdelight:skillet":1,"minecraft:coarse_dirt":2,"minecraft:lapis_block":1,"minecraft:birch_log":5,"minecraft:wheat":11,"minecraft:ice":8,"minecraft:spruce_log":4,"minecraft:grass":4,"minecraft:coal_ore":89,"minecraft:dirt":10,"minecraft:sand":13,"minecraft:lodestone":1,"minecraft:cobweb":3,"minecraft:stone_bricks":2,"minecraft:mossy_stone_bricks":2,"minecraft:deepslate":1,"minecraft:fern":1},"minecraft:killed_by":{"cobblemon:pokemon":2,"minecraft:player":1,"minecraft:skeleton":1,"minecraft:zombie":3}},"DataVersion":3465}