{"stats":{"minecraft:killed_by":{"minecraft:skeleton":1,"minecraft:zombie":2},"minecraft:used":{"minecraft:cobblestone":1,"minecraft:crafting_table":2,"minecraft:wooden_pickaxe":10},"minecraft:picked_up":{"minecraft:birch_log":5,"patchouli:guide_book":1,"cobbledex:cobbledex_item":1,"minecraft:dirt":3,"minecraft:cobblestone":9},"minecraft:mined":{"minecraft:grass_block":1,"minecraft:dirt":5,"minecraft:birch_log":5,"minecraft:stone":10},"minecraft:crafted":{"minecraft:birch_planks":20,"minecraft:stone_axe":1,"minecraft:crafting_table":2,"minecraft:stick":8,"minecraft:stone_pickaxe":1,"minecraft:wooden_pickaxe":1},"minecraft:dropped":{"cobbledex:cobbledex_item":1,"patchouli:guide_book":1},"minecraft:custom":{"minecraft:time_since_rest":5107,"minecraft:crouch_one_cm":748,"minecraft:play_time":10719,"minecraft:sprint_one_cm":9482,"minecraft:deaths":3,"minecraft:damage_taken":715,"minecraft:walk_one_cm":13987,"minecraft:sneak_time":357,"minecraft:drop":2,"minecraft:jump":60,"minecraft:damage_dealt":10,"minecraft:leave_game":1,"minecraft:time_since_death":4312,"minecraft:total_world_time":10719,"minecraft:fall_one_cm":3959,"minecraft:interact_with_crafting_table":3,"minecraft:fly_one_cm":13188}},"DataVersion":3465}