{"stats":{"minecraft:dropped":{"minecraft:wheat_seeds":1},"minecraft:picked_up":{"minecraft:birch_log":8,"minecraft:wheat_seeds":1,"minecraft:birch_sapling":3},"minecraft:custom":{"minecraft:time_since_rest":3339,"minecraft:crouch_one_cm":179,"minecraft:sprint_one_cm":44467,"lootr:looted_stat":2,"minecraft:play_time":15285,"minecraft:walk_one_cm":61519,"minecraft:damage_taken":530,"minecraft:deaths":2,"minecraft:sneak_time":22,"minecraft:drop":1,"minecraft:jump":90,"minecraft:damage_dealt":10,"minecraft:leave_game":2,"minecraft:time_since_death":3264,"minecraft:total_world_time":15285,"minecraft:climb_one_cm":617,"minecraft:interact_with_crafting_table":1,"minecraft:fall_one_cm":4169,"minecraft:fly_one_cm":14824},"minecraft:mined":{"minecraft:grass":1,"minecraft:birch_log":1,"treechop:chopped_log":1},"minecraft:killed_by":{"minecraft:skeleton":1}},"DataVersion":3465}