{"stats":{"minecraft:killed_by":{"minecraft:skeleton":2,"minecraft:creeper":1,"minecraft:player":1},"minecraft:used":{"minecraft:oak_log":1,"minecraft:crafting_table":2,"minecraft:bread":6,"minecraft:wooden_pickaxe":1},"minecraft:picked_up":{"minecraft:crafting_table":1,"minecraft:arrow":4,"minecraft:bone":4,"minecraft:rotten_flesh":2,"minecraft:oak_log":11,"minecraft:dark_oak_log":3},"minecraft:mined":{"minecraft:large_fern":3,"minecraft:oak_log":10,"minecraft:rose_bush":1,"minecraft:cobblestone":1,"minecraft:dark_oak_log":3,"minecraft:crafting_table":1,"minecraft:grass":1},"minecraft:crafted":{"minecraft:oak_planks":28,"minecraft:dark_oak_planks":12,"minecraft:crafting_table":2,"minecraft:stick":16,"minecraft:wooden_pickaxe":1},"minecraft:killed":{"minecraft:player":1},"minecraft:custom":{"minecraft:open_chest":2,"minecraft:time_since_rest":8737,"minecraft:damage_taken":1420,"minecraft:play_time":23646,"minecraft:crouch_one_cm":85,"minecraft:walk_one_cm":167779,"lootr:looted_stat":1,"minecraft:sprint_one_cm":68234,"minecraft:deaths":4,"minecraft:sneak_time":7,"minecraft:walk_under_water_one_cm":94,"minecraft:jump":423,"minecraft:leave_game":1,"minecraft:damage_dealt":97,"minecraft:time_since_death":8590,"minecraft:walk_on_water_one_cm":5056,"minecraft:sleep_in_bed":1,"minecraft:total_world_time":23646,"minecraft:interact_with_crafting_table":3,"minecraft:fall_one_cm":11158,"minecraft:fly_one_cm":70097,"minecraft:player_kills":1}},"DataVersion":3465}