{"stats":{"minecraft:dropped":{"minecraft:spruce_sign":1,"minecraft:bread":46,"minecraft:iron_sword":1,"minecraft:wheat_seeds":353,"minecraft:mossy_cobblestone":1,"minecraft:glass_bottle":1,"minecraft:dark_oak_sapling":3,"minecraft:crossbow":1,"minecraft:cobblestone":5,"minecraft:granite":2,"cobblemon:verdant_ball":6,"minecraft:copper_ingot":8,"cobblemon:exp_share":1,"cobblemon:link_cable":3,"minecraft:coal":5,"cobblemon:pink_apricorn":2,"minecraft:dirt":1,"cobblemon:absorb_bulb":1,"cobblemon:ability_shield":1,"cobblemon:protector":1,"cobblemon:slate_ball":5,"simplehats:cyclopseye":1,"minecraft:mutton":1,"simplehats:apple":1,"simplehats:worms_mine":1,"minecraft:pumpkin":1,"minecraft:polished_blackstone_bricks":1,"minecraft:smooth_stone":2,"minecraft:string":2,"minecraft:white_wool":1,"minecraft:bone":2,"minecraft:stone_brick_slab":1,"minecraft:gravel":1,"minecraft:wheat":1,"minecraft:birch_sapling":1,"minecraft:rotten_flesh":3,"minecraft:clay_ball":1,"minecraft:oak_planks":2,"simpletms:tr_mudslap":1,"minecraft:salmon":2,"simpletms:tr_swift":1,"minecraft:potato":2,"cobblemon:chople_berry":4,"minecraft:spruce_trapdoor":1,"minecraft:oak_sapling":2,"farmersdelight:rich_soil_farmland":4,"minecraft:spruce_slab":1,"minecraft:stone_pickaxe":2,"minecraft:wooden_pickaxe":1,"exposure:aged_photograph":1,"minecraft:iron_ingot":27},"minecraft:killed":{"minecraft:vex":1,"minecraft:spider":3,"minecraft:phantom":3,"naturalist:snail":1,"minecraft:skeleton":7,"cobblemon:pokemon":1,"minecraft:sheep":4,"minecraft:pillager":2,"minecraft:zombie":12,"minecraft:player":1,"minecraft:cow":2},"minecraft:picked_up":{"minecraft:coarse_dirt":2,"minecraft:crafting_table":8,"minecraft:wheat":120,"minecraft:chicken":4,"minecraft:clay_ball":17,"cobblemon:yellow_apricorn":58,"cobblemon:red_apricorn":16,"minecraft:acacia_pressure_plate":1,"minecraft:gold_block":1,"a_man_with_plushies:sensei_seaweed_plush":1,"cobblemon:wepear_berry":1,"minecraft:string":4,"minecraft:raw_copper":65,"a_man_with_plushies:female_indeedee_plush":1,"cobblemon:white_apricorn":7,"cobblemon:muscle_band":1,"minecraft:oak_sign":1,"cobblemon:link_cable":2,"cobblemon:green_apricorn":29,"cobblemon:exp_candy_s":1,"simplehats:tricorne":1,"a_man_with_plushies:golden_plush_box":1,"minecraft:beef":3,"cobblemon:master_ball":1,"minecraft:iron_pickaxe":3,"minecraft:spruce_slab":1,"minecraft:furnace":2,"cobblemon:chople_berry":5,"minecraft:birch_sapling":4,"cobblemon:green_apricorn_seed":2,"a_man_with_plushies:monika_plush":2,"minecraft:spruce_trapdoor":1,"simpletms:tr_mudslap":1,"simpletms:tr_uturn":1,"minecraft:egg":1,"minecraft:dark_oak_sapling":3,"minecraft:stick":6,"minecraft:raw_iron":24,"a_man_with_plushies:vault_boy_plush":1,"minecraft:stone":4,"simplehats:hatbag_common":1,"minecraft:acacia_fence":1,"minecraft:oak_fence":2,"minecraft:torch":1,"simplehats:propelhat":1,"simplehats:worms_mine":2,"a_man_with_plushies:rambley_plush":3,"minecraft:polished_blackstone_bricks":1,"fwaystones:waystone":1,"cobblemon:citrine_ball":4,"minecraft:carrot":1,"farmersdelight:rich_soil_farmland":3,"minecraft:arrow":16,"minecraft:rotten_flesh":5,"minecraft:hay_block":54,"artifacts:running_shoes":1,"minecraft:cyan_terracotta":3,"minecraft:yellow_terracotta":8,"cobblemon:absorb_bulb":1,"minecraft:mutton":4,"cobblemon:verdant_ball":5,"cobblemon:blue_apricorn":5,"cobblemon:tanga_berry":1,"minecraft:white_wool":5,"minecraft:cobblestone":65,"minecraft:birch_log":5,"cobblemon:ancient_poke_ball":13,"cobblemon:great_ball":13,"cobblemon:ultra_ball":37,"minecraft:salmon":1,"cobblemon:kebia_berry":1,"mythicmetals:raw_banglum":2,"minecraft:leather":5,"a_man_with_plushies:companion_block_plushie":2,"cobblemon:slate_ball":6,"minecraft:oak_log":20,"cobblemon:protector":1,"mythicmetals:raw_platinum":3,"minecraft:lapis_lazuli":4,"minecraft:dirt":3,"minecraft:bone":6,"simplehats:cyclopseye":1,"minecraft:wheat_seeds":409,"cobblemon:black_apricorn":68,"cobblemon:exp_share":1,"ftbquests:book":1,"minecraft:rabbit_hide":2,"a_man_with_plushies:white_sheep_plush":3,"minecraft:stone_pickaxe":1,"cobblemon:thunder_stone":1,"simplehats:hatbag_uncommon":2,"minecraft:rabbit":1,"minecraft:moss_block":1,"minecraft:iron_sword":1,"cobblemon:red_apricorn_seed":1,"cobblemon:azure_ball":1,"minecraft:pumpkin":1,"minecraft:stone_brick_slab":1,"cobblemon:black_apricorn_seed":9,"minecraft:gravel":1,"minecraft:sand":1,"cobblemon:yellow_apricorn_seed":12,"cobblemon:pink_apricorn":4,"minecraft:dark_oak_log":9,"naturalist:duck_egg":7,"minecraft:mossy_cobblestone":1,"cobblemon:healing_machine":1,"cobblemon:poke_ball":2,"minecraft:snort_pottery_sherd":1,"cobblemon:ability_shield":1,"minecraft:crossbow":3,"minecraft:granite":2,"minecraft:golden_apple":1,"minecraft:spruce_sign":3,"minecraft:emerald":10,"minecraft:bread":19,"minecraft:oak_sapling":2,"minecraft:coal":87,"simplehats:apple":1},"minecraft:custom":{"lootr:looted_stat":45,"minecraft:mob_kills":40,"minecraft:interact_with_crafting_table":58,"minecraft:open_barrel":1,"minecraft:leave_game":10,"minecraft:time_since_death":228029,"minecraft:climb_one_cm":4958,"minecraft:sprint_one_cm":1985175,"minecraft:walk_one_cm":2211770,"minecraft:drop":110,"minecraft:talked_to_villager":10,"minecraft:play_time":658855,"minecraft:deaths":6,"minecraft:sneak_time":1186,"minecraft:walk_under_water_one_cm":30012,"minecraft:boat_one_cm":144,"minecraft:interact_with_lectern":2,"minecraft:jump":8740,"minecraft:walk_on_water_one_cm":88933,"minecraft:total_world_time":658855,"minecraft:interact_with_furnace":31,"minecraft:sleep_in_bed":16,"minecraft:time_since_rest":63,"minecraft:damage_taken":6809,"minecraft:damage_dealt":7156,"minecraft:player_kills":1,"minecraft:swim_one_cm":70299,"minecraft:fly_one_cm":2323858,"minecraft:open_chest":139,"minecraft:crouch_one_cm":3916,"minecraft:fall_one_cm":758083},"minecraft:crafted":{"minecraft:smooth_stone":4,"minecraft:oak_planks":76,"minecraft:oak_sign":3,"cobblemon:slate_ball":4,"minecraft:furnace":2,"minecraft:glass":1,"minecraft:stone_pickaxe":1,"minecraft:chest":4,"cobblemon:azure_ball":4,"minecraft:dark_oak_planks":12,"minecraft:wheat":486,"cobblemon:citrine_ball":4,"minecraft:crafting_table":4,"cobblemon:verdant_ball":12,"minecraft:wooden_pickaxe":2,"cobblemon:pc":1,"minecraft:copper_ingot":65,"minecraft:birch_planks":20,"minecraft:stone_axe":1,"minecraft:bread":200,"minecraft:air":0,"minecraft:iron_chestplate":1,"minecraft:stick":40,"minecraft:iron_ingot":20,"minecraft:iron_pickaxe":1,"minecraft:stone_sword":1,"minecraft:iron_leggings":1,"minecraft:gold_ingot":18,"minecraft:white_bed":1,"minecraft:torch":48,"cobblemon:ultra_ball":28},"minecraft:used":{"fwaystones:waystone":1,"minecraft:stone_sword":15,"minecraft:flint_and_steel":2,"minecraft:oak_sign":2,"minecraft:chest":4,"minecraft:iron_sword":169,"minecraft:torch":43,"minecraft:cyan_terracotta":3,"cobblemon:pc":1,"minecraft:goat_horn":1,"minecraft:furnace":3,"a_man_with_plushies:monika_plush":1,"minecraft:stone_pickaxe":234,"minecraft:wooden_pickaxe":13,"naturalist:duck_egg":5,"a_man_with_plushies:rambley_plush":2,"a_man_with_plushies:golden_plush_box":5,"cobblemon:black_apricorn_seed":9,"a_man_with_plushies:vault_boy_plush":1,"minecraft:crafting_table":11,"cobblemon:yellow_apricorn_seed":12,"cobblemon:healing_machine":1,"endrem:corrupted_eye":1,"minecraft:oak_log":1,"cobblemon:green_apricorn_seed":2,"minecraft:apple":4,"minecraft:iron_pickaxe":180,"minecraft:bread":186,"a_man_with_plushies:companion_block_plushie":1,"a_man_with_plushies:white_sheep_plush":3,"minecraft:stone_axe":61,"minecraft:cobblestone":27,"cobblemon:red_apricorn_seed":1,"minecraft:experience_bottle":2},"minecraft:mined":{"minecraft:yellow_terracotta":8,"create:zinc_ore":1,"diagonalwindows:chipped/loose_iron_bars":2,"a_man_with_plushies:monika_plush":1,"minecraft:mossy_cobblestone":1,"a_man_with_plushies:vault_boy_plush":1,"minecraft:dark_oak_log":3,"minecraft:glow_lichen":2,"minecraft:budding_amethyst":1,"minecraft:granite":9,"minecraft:grass_block":3,"minecraft:decorated_pot":1,"minecraft:spruce_leaves":4,"minecraft:moss_block":1,"minecraft:acacia_pressure_plate":1,"minecraft:oak_wall_sign":1,"minecraft:large_fern":5,"minecraft:hay_block":54,"cobblemon:blue_apricorn":4,"mythicmetals:quadrillum_ore":1,"minecraft:furnace":2,"minecraft:iron_ore":24,"minecraft:fire":1,"a_man_with_plushies:white_sheep_plush":2,"minecraft:andesite":3,"treechop:chopped_log":4,"minecraft:gold_block":1,"cobblemon:red_apricorn":2,"a_man_with_plushies:companion_block_v2_plushie":1,"cobblemon:green_apricorn_sapling":1,"minecraft:deepslate_iron_ore":1,"cobblemon:yellow_apricorn":1,"a_man_with_plushies:rambley_plush":1,"minecraft:stone":72,"minecraft:spruce_slab":1,"minecraft:podzol":2,"minecraft:acacia_leaves":2,"mythicmetals:platinum_ore":2,"cobblemon:chople_berry":1,"minecraft:glass_pane":1,"minecraft:cyan_terracotta":1,"minecraft:melon_stem":1,"minecraft:stone_brick_slab":1,"minecraft:oak_fence":1,"minecraft:crafting_table":8,"cobblemon:apricorn_leaves":8,"minecraft:rose_bush":1,"minecraft:copper_ore":17,"minecraft:tall_grass":1,"minecraft:cobblestone":4,"minecraft:lapis_ore":1,"minecraft:wall_torch":2,"cobblemon:yellow_apricorn_sapling":3,"supplementaries:urn":1,"a_man_with_plushies:golden_plush_box":1,"minecraft:coarse_dirt":2,"minecraft:sweet_berry_bush":2,"minecraft:wheat":165,"minecraft:spruce_log":1,"minecraft:birch_leaves":2,"minecraft:grass":18,"minecraft:coal_ore":83,"minecraft:oak_log":10,"cobblemon:thunder_stone_ore":1,"minecraft:acacia_fence":1,"minecraft:gravel":1,"minecraft:dirt":3,"minecraft:sand":1,"minecraft:cobweb":3,"minecraft:terracotta":1,"minecraft:red_mushroom_block":1,"mythicmetals:banglum_ore":2,"minecraft:deepslate_emerald_ore":2},"minecraft:killed_by":{"cobblemon:pokemon":1,"minecraft:player":1,"minecraft:creeper":1,"minecraft:skeleton":3}},"DataVersion":3465}