{"stats":{"minecraft:killed_by":{"minecraft:zombie":1},"minecraft:picked_up":{"minecraft:stick":9},"minecraft:mined":{"minecraft:dead_bush":9},"minecraft:custom":{"minecraft:jump":77,"minecraft:time_since_rest":5048,"minecraft:damage_dealt":10,"minecraft:leave_game":1,"minecraft:sprint_one_cm":2079,"minecraft:deaths":1,"minecraft:play_time":7137,"minecraft:damage_taken":397,"minecraft:time_since_death":5020,"minecraft:walk_one_cm":28207,"minecraft:total_world_time":7137,"minecraft:fall_one_cm":1312,"minecraft:fly_one_cm":3403}},"DataVersion":3465}