{"stats":{"minecraft:killed_by":{"minecraft:skeleton":1,"minecraft:player":1},"minecraft:used":{"minecraft:crafting_table":1,"minecraft:bread":2},"minecraft:picked_up":{"minecraft:crafting_table":1,"minecraft:oak_log":10},"minecraft:mined":{"minecraft:oak_log":10,"minecraft:rose_bush":1,"minecraft:crafting_table":1},"minecraft:crafted":{"minecraft:oak_planks":28,"minecraft:crafting_table":1,"minecraft:stick":12},"minecraft:killed":{"minecraft:player":1},"minecraft:custom":{"minecraft:open_chest":1,"minecraft:time_since_rest":7933,"lootr:looted_stat":1,"minecraft:crouch_one_cm":50,"minecraft:walk_one_cm":71141,"minecraft:play_time":9072,"minecraft:sprint_one_cm":12810,"minecraft:damage_taken":610,"minecraft:deaths":2,"minecraft:sneak_time":4,"minecraft:jump":150,"minecraft:damage_dealt":87,"minecraft:time_since_death":7906,"minecraft:total_world_time":9072,"minecraft:fall_one_cm":5399,"minecraft:interact_with_crafting_table":2,"minecraft:fly_one_cm":18368,"minecraft:player_kills":1}},"DataVersion":3465}