{"stats":{"minecraft:picked_up":{"minecraft:dark_oak_sapling":1,"minecraft:stick":2,"minecraft:crafting_table":2,"minecraft:wheat":79,"minecraft:stone_brick_slab":1,"minecraft:gravel":1,"minecraft:oak_log":11,"cobblemon:pink_apricorn":2,"minecraft:dark_oak_log":3,"minecraft:mossy_cobblestone":1,"minecraft:bone":4,"minecraft:arrow":4,"minecraft:rotten_flesh":3,"minecraft:wheat_seeds":353,"cobblemon:ability_shield":1,"minecraft:golden_apple":1,"minecraft:coal":5,"minecraft:cobblestone":1},"minecraft:crafted":{"minecraft:oak_planks":28,"minecraft:crafting_table":2,"minecraft:stick":16,"minecraft:wooden_pickaxe":1,"minecraft:dark_oak_planks":12,"minecraft:bread":23},"minecraft:killed":{"minecraft:player":1},"minecraft:used":{"minecraft:oak_log":1,"minecraft:bread":18,"minecraft:stone_pickaxe":117,"minecraft:wooden_pickaxe":1,"minecraft:crafting_table":3},"minecraft:dropped":{"minecraft:wheat_seeds":208,"cobblemon:ability_shield":1},"minecraft:mined":{"minecraft:podzol":2,"minecraft:large_fern":5,"minecraft:mossy_cobblestone":1,"minecraft:wheat":109,"minecraft:sweet_berry_bush":2,"minecraft:spruce_log":1,"minecraft:stone_brick_slab":1,"minecraft:dark_oak_log":3,"minecraft:birch_leaves":1,"minecraft:crafting_table":2,"minecraft:grass":7,"minecraft:oak_log":10,"minecraft:rose_bush":1,"minecraft:gravel":1,"minecraft:cobblestone":4,"minecraft:spruce_leaves":1,"minecraft:red_mushroom_block":1,"minecraft:stone":1},"minecraft:custom":{"minecraft:time_since_rest":28561,"lootr:looted_stat":10,"minecraft:sprint_one_cm":227400,"minecraft:damage_taken":1845,"minecraft:walk_one_cm":303345,"minecraft:drop":5,"minecraft:damage_dealt":97,"minecraft:swim_one_cm":5659,"minecraft:interact_with_crafting_table":6,"minecraft:fly_one_cm":221984,"minecraft:player_kills":1,"minecraft:open_chest":2,"minecraft:crouch_one_cm":179,"minecraft:play_time":43470,"minecraft:deaths":4,"minecraft:sneak_time":14,"minecraft:walk_under_water_one_cm":2308,"minecraft:jump":1248,"minecraft:leave_game":2,"minecraft:time_since_death":28414,"minecraft:walk_on_water_one_cm":8352,"minecraft:sleep_in_bed":1,"minecraft:total_world_time":43470,"minecraft:fall_one_cm":37698},"minecraft:killed_by":{"minecraft:player":1,"minecraft:skeleton":2,"minecraft:creeper":1}},"DataVersion":3465}