{"stats":{"minecraft:killed":{"cobblemon:pokemon":3,"minecraft:sheep":1,"minecraft:player":1},"minecraft:crafted":{"minecraft:oak_planks":20,"minecraft:crafting_table":1,"cobblemon:verdant_ball":4,"minecraft:wooden_pickaxe":1,"cobblemon:slate_ball":4,"minecraft:furnace":1,"minecraft:copper_ingot":6,"minecraft:campfire":1,"cobblemon:premier_ball":4,"minecraft:stone_axe":1,"minecraft:air":0,"cobblemon:poke_ball":12,"minecraft:charcoal":10,"minecraft:stick":12,"minecraft:iron_ingot":3,"minecraft:stone_pickaxe":1,"minecraft:wooden_axe":1,"minecraft:chest":2,"minecraft:dark_oak_planks":16,"minecraft:torch":8,"cobblemon:great_ball":4},"minecraft:picked_up":{"minecraft:birch_log":62,"minecraft:crafting_table":3,"minecraft:ladder":1,"minecraft:chicken":4,"minecraft:clay_ball":8,"brewery:fried_chicken":1,"minecraft:salmon":1,"cobblemon:red_apricorn":15,"minecraft:cooked_rabbit":1,"minecraft:flint":1,"minecraft:oak_log":22,"minecraft:raw_copper":6,"minecraft:dirt":23,"minecraft:moss_carpet":1,"minecraft:cooked_salmon":1,"minecraft:cooked_mutton":4,"cobblemon:white_apricorn":7,"minecraft:compass":1,"minecraft:apple":2,"cobblemon:black_apricorn":7,"cobblemon:green_apricorn":7,"minecraft:rabbit_hide":1,"minecraft:white_tulip":1,"cobblemon:relic_coin":3,"minecraft:cooked_chicken":4,"minecraft:rabbit":1,"minecraft:moss_block":2,"cobblemon:green_apricorn_seed":1,"minecraft:birch_sapling":29,"minecraft:egg":2,"minecraft:dark_oak_sapling":2,"cobblemon:red_apricorn_seed":4,"minecraft:stick":26,"minecraft:raw_iron":3,"cobblemon:apricorn_log":5,"cobblemon:black_apricorn_seed":1,"minecraft:torch":5,"cobblemon:premier_ball":1,"cobblemon:persim_berry":14,"minecraft:gold_ore":6,"minecraft:dark_oak_log":11,"cobblemon:healing_machine":1,"cobblemon:shuca_berry":1,"minecraft:bundle":1,"minecraft:rotten_flesh":2,"cobblemon:poke_ball":18,"minecraft:cyan_terracotta":12,"minecraft:emerald":10,"supplementaries:ash":6,"minecraft:oak_sapling":17,"cobblemon:chesto_berry":19,"cobblemon:verdant_ball":2,"minecraft:glow_berries":1,"minecraft:mutton":4,"cobblemon:blue_apricorn":2,"minecraft:coal":36,"minecraft:white_wool":2,"minecraft:cobblestone":58},"minecraft:broken":{"minecraft:wooden_axe":1},"minecraft:custom":{"minecraft:interact_with_furnace":13,"minecraft:mob_kills":5,"minecraft:interact_with_crafting_table":25,"minecraft:interact_with_campfire":11,"minecraft:leave_game":3,"minecraft:time_since_death":88562,"minecraft:climb_one_cm":10627,"minecraft:time_since_rest":88597,"minecraft:sprint_one_cm":292750,"minecraft:damage_taken":786,"minecraft:walk_one_cm":444906,"minecraft:drop":5,"minecraft:damage_dealt":1114,"minecraft:swim_one_cm":11055,"minecraft:fly_one_cm":277367,"minecraft:player_kills":1,"minecraft:open_chest":24,"minecraft:crouch_one_cm":1190,"minecraft:play_time":91991,"minecraft:deaths":1,"minecraft:sneak_time":167,"minecraft:walk_under_water_one_cm":1602,"minecraft:jump":1019,"minecraft:walk_on_water_one_cm":4505,"minecraft:total_world_time":91991,"minecraft:fall_one_cm":32961},"minecraft:used":{"minecraft:moss_block":2,"minecraft:cooked_mutton":1,"minecraft:bundle":1,"minecraft:stone_pickaxe":102,"minecraft:ladder":1,"minecraft:chest":2,"minecraft:wooden_pickaxe":15,"minecraft:cooked_salmon":1,"minecraft:cooked_chicken":3,"brewery:fried_chicken":1,"minecraft:torch":8,"minecraft:crafting_table":4,"minecraft:campfire":1,"minecraft:wooden_axe":52,"minecraft:apple":1,"minecraft:birch_sapling":11,"minecraft:stone_axe":58,"cobblemon:red_apricorn_seed":3,"minecraft:furnace":1,"minecraft:cooked_rabbit":1,"minecraft:egg":1},"minecraft:dropped":{"minecraft:gold_ore":6,"minecraft:compass":1,"minecraft:apple":1,"minecraft:dark_oak_log":1,"cobblemon:healing_machine":1},"minecraft:killed_by":{"minecraft:player":1},"minecraft:mined":{"diagonalwindows:chipped/loose_iron_bars":2,"minecraft:cyan_terracotta":9,"minecraft:dark_oak_log":1,"cobblemon:apricorn_leaves":2,"minecraft:cave_vines_plant":1,"minecraft:clay":2,"minecraft:crafting_table":3,"minecraft:torch":4,"minecraft:glow_lichen":1,"minecraft:ladder":1,"minecraft:grass_block":1,"minecraft:copper_ore":2,"minecraft:moss_block":5,"cobblemon:relic_coin_pouch":1,"minecraft:wall_torch":1,"supplementaries:urn":2,"minecraft:iron_ore":3,"minecraft:moss_carpet":1,"treechop:chopped_log":13,"cobblemon:red_apricorn":1,"minecraft:grass":3,"minecraft:oak_log":1,"minecraft:coal_ore":36,"minecraft:cave_vines":2,"minecraft:dirt":1,"minecraft:white_tulip":1,"minecraft:stone":59}},"DataVersion":3465}