{"stats":{"minecraft:used":{"minecraft:netherite_sword":3,"farmersdelight:fruit_salad":3,"cobblemon:healing_machine":1},"minecraft:picked_up":{"minecraft:rotten_flesh":2,"mermod:sea_necklace":1},"minecraft:killed":{"minecraft:player":2},"minecraft:dropped":{"minecraft:rotten_flesh":2,"mermod:sea_necklace":1,"minecraft:bowl":3},"minecraft:custom":{"minecraft:time_since_rest":34466,"minecraft:crouch_one_cm":2704,"minecraft:sprint_one_cm":49309,"minecraft:play_time":40133,"minecraft:deaths":1,"minecraft:damage_taken":355,"minecraft:walk_one_cm":41240,"minecraft:sneak_time":948,"minecraft:walk_under_water_one_cm":781,"minecraft:drop":5,"minecraft:jump":607,"minecraft:damage_dealt":478,"minecraft:leave_game":1,"minecraft:walk_on_water_one_cm":1342,"minecraft:time_since_death":34437,"minecraft:total_world_time":40133,"minecraft:swim_one_cm":1779,"minecraft:fall_one_cm":10269,"minecraft:fly_one_cm":288857,"minecraft:player_kills":2}},"DataVersion":3465}