{"stats":{"minecraft:picked_up":{"minecraft:stick":9},"minecraft:mined":{"minecraft:dead_bush":7},"minecraft:custom":{"minecraft:jump":126,"minecraft:time_since_rest":13292,"minecraft:damage_dealt":62,"minecraft:crouch_one_cm":312,"minecraft:sprint_one_cm":15523,"minecraft:play_time":13292,"minecraft:damage_taken":20,"minecraft:time_since_death":13292,"minecraft:walk_one_cm":7464,"minecraft:sneak_time":365,"minecraft:total_world_time":13292,"minecraft:fall_one_cm":4253,"minecraft:fly_one_cm":62716}},"DataVersion":3465}