{"stats":{"minecraft:picked_up":{"minecraft:birch_log":1,"minecraft:crafting_table":3,"minecraft:feather":2,"minecraft:cooked_beef":6,"naturalist:venison":3,"minecraft:leather":1,"cobblemon:red_apricorn":2,"vinery:red_grape_seeds":6,"mermod:sea_necklace":1,"minecraft:oak_log":4,"cobblemon:wepear_berry":11,"minecraft:dirt":10,"minecraft:lantern":2,"minecraft:cooked_mutton":4,"minecraft:wheat_seeds":2,"minecraft:beef":7,"minecraft:stripped_oak_wood":1,"minecraft:poppy":1,"minecraft:birch_sapling":1,"minecraft:stick":2,"minecraft:cooked_porkchop":1,"patchouli:guide_book":1,"cobblemon:pink_apricorn":1,"cobblemon:persim_berry":5,"minecraft:spruce_sapling":2,"minecraft:spruce_log":7,"minecraft:white_bed":2,"minecraft:dark_oak_log":5,"minecraft:dark_oak_planks":6,"minecraft:oak_wood":4,"farmersdelight:fried_egg":2,"minecraft:rotten_flesh":2,"minecraft:stone_axe":1,"minecraft:decorated_pot":1,"minecraft:hay_block":1,"minecraft:spruce_sign":2,"minecraft:black_wool":1,"cobblemon:blue_apricorn":1,"minecraft:mutton":9,"minecraft:coal":27,"minecraft:white_wool":5,"minecraft:cobblestone":22},"minecraft:crafted":{"minecraft:oak_planks":16,"minecraft:crafting_table":2,"minecraft:spruce_planks":28,"minecraft:wooden_pickaxe":1,"minecraft:stone_axe":1,"minecraft:stick":24,"minecraft:stone_pickaxe":1,"minecraft:dark_oak_planks":20,"minecraft:wheat":9},"minecraft:killed":{"cobblemon:pokemon":3,"minecraft:sheep":4,"naturalist:deer":2,"minecraft:player":2,"minecraft:cow":3},"minecraft:used":{"minecraft:cooked_mutton":4,"minecraft:netherite_sword":3,"minecraft:stone_pickaxe":39,"minecraft:decorated_pot":1,"minecraft:wooden_pickaxe":20,"minecraft:dirt":10,"minecraft:crafting_table":3,"minecraft:white_bed":1,"cobblemon:healing_machine":1,"minecraft:dark_oak_planks":6,"minecraft:lantern":1,"minecraft:bread":2,"bakery:strawberry_cake_slice":1,"minecraft:stone_axe":34,"minecraft:cooked_porkchop":1,"minecraft:birch_log":1,"farmersdelight:fruit_salad":3,"minecraft:potato":3,"minecraft:cooked_beef":3,"farmersdelight:fried_egg":2},"minecraft:custom":{"lootr:looted_stat":11,"minecraft:mob_kills":12,"minecraft:interact_with_crafting_table":7,"minecraft:leave_game":3,"minecraft:time_since_death":14915,"minecraft:sleep_in_bed":2,"minecraft:climb_one_cm":3751,"minecraft:time_since_rest":2247,"minecraft:sprint_one_cm":351239,"minecraft:damage_taken":1716,"minecraft:walk_one_cm":197157,"minecraft:drop":33,"minecraft:damage_dealt":1632,"minecraft:swim_one_cm":15661,"minecraft:fly_one_cm":1019004,"minecraft:player_kills":2,"minecraft:open_chest":3,"minecraft:crouch_one_cm":24841,"minecraft:play_time":121675,"minecraft:deaths":6,"minecraft:sneak_time":4631,"minecraft:walk_under_water_one_cm":3193,"minecraft:jump":3548,"minecraft:walk_on_water_one_cm":16813,"minecraft:total_world_time":121675,"minecraft:fall_one_cm":110163},"minecraft:dropped":{"minecraft:spruce_sign":2,"minecraft:stone_axe":1,"cobblemon:wepear_berry":11,"minecraft:compass":1,"minecraft:wheat_seeds":2,"cobblemon:blue_apricorn":1,"minecraft:bowl":3,"minecraft:crafting_table":1,"minecraft:birch_sapling":1,"minecraft:feather":2,"minecraft:rotten_flesh":2,"minecraft:lantern":1,"cobblemon:persim_berry":5,"mermod:sea_necklace":1,"patchouli:guide_book":1,"cobblemon:pink_apricorn":1,"minecraft:poppy":1,"minecraft:gold_nugget":9,"minecraft:wooden_pickaxe":1,"minecraft:stripped_oak_wood":1,"ftbquests:book":1,"minecraft:spruce_sapling":2,"cobblemon:red_apricorn":2,"vinery:red_grape_seeds":6},"minecraft:mined":{"minecraft:dark_oak_planks":6,"minecraft:white_bed":2,"minecraft:dark_oak_log":5,"minecraft:crafting_table":3,"vinery:red_grape_bush":1,"minecraft:oak_wood":4,"minecraft:grass_block":9,"minecraft:decorated_pot":1,"minecraft:tall_grass":7,"minecraft:spruce_leaves":1,"minecraft:large_fern":1,"minecraft:hay_block":1,"minecraft:birch_log":1,"minecraft:spruce_log":7,"minecraft:birch_leaves":4,"minecraft:stripped_oak_wood":1,"minecraft:grass":17,"minecraft:oak_log":4,"minecraft:coal_ore":27,"minecraft:dirt":2,"minecraft:stone":22,"minecraft:fern":1},"minecraft:killed_by":{"minecraft:player":1,"minecraft:skeleton":1,"minecraft:spider":1,"minecraft:zombie":1,"minecraft:drowned":1}},"DataVersion":3465}