{"stats":{"minecraft:picked_up":{"minecraft:stick":9,"minecraft:wheat_seeds":1,"cobblemon:pinap_berry":12},"minecraft:mined":{"minecraft:dead_bush":7},"minecraft:dropped":{"cobblemon:pinap_berry":6,"minecraft:wheat_seeds":1},"minecraft:custom":{"minecraft:jump":256,"minecraft:time_since_rest":19116,"minecraft:damage_dealt":127,"minecraft:leave_game":3,"minecraft:crouch_one_cm":546,"minecraft:play_time":19116,"minecraft:sprint_one_cm":27406,"minecraft:damage_taken":20,"minecraft:time_since_death":19116,"minecraft:walk_one_cm":13755,"minecraft:sneak_time":450,"minecraft:total_world_time":19116,"minecraft:fall_one_cm":4253,"minecraft:drop":2,"minecraft:fly_one_cm":114606}},"DataVersion":3465}