{"stats":{"minecraft:used":{"minecraft:netherite_sword":3,"cobblemon:healing_machine":1},"minecraft:killed":{"minecraft:player":2},"minecraft:dropped":{"mermod:sea_necklace":1},"minecraft:custom":{"minecraft:jump":254,"minecraft:time_since_rest":12107,"minecraft:walk_on_water_one_cm":221,"minecraft:deaths":1,"minecraft:damage_dealt":453,"minecraft:crouch_one_cm":2236,"minecraft:sprint_one_cm":17080,"minecraft:play_time":17774,"minecraft:damage_taken":100,"minecraft:time_since_death":12078,"minecraft:walk_one_cm":25164,"minecraft:sneak_time":781,"minecraft:total_world_time":17774,"minecraft:drop":1,"minecraft:fall_one_cm":3041,"minecraft:fly_one_cm":158048,"minecraft:player_kills":2}},"DataVersion":3465}