{"stats":{"minecraft:used":{"minecraft:netherite_sword":3,"cobblemon:healing_machine":1},"minecraft:picked_up":{"mermod:sea_necklace":1},"minecraft:killed":{"minecraft:player":2},"minecraft:dropped":{"mermod:sea_necklace":1},"minecraft:custom":{"minecraft:time_since_rest":29553,"minecraft:crouch_one_cm":2376,"minecraft:walk_one_cm":32350,"minecraft:play_time":35220,"minecraft:sprint_one_cm":27136,"minecraft:damage_taken":100,"minecraft:deaths":1,"minecraft:sneak_time":882,"minecraft:walk_under_water_one_cm":781,"minecraft:drop":1,"minecraft:jump":386,"minecraft:damage_dealt":468,"minecraft:leave_game":1,"minecraft:time_since_death":29524,"minecraft:walk_on_water_one_cm":1342,"minecraft:total_world_time":35220,"minecraft:swim_one_cm":1779,"minecraft:fall_one_cm":3041,"minecraft:fly_one_cm":231177,"minecraft:player_kills":2}},"DataVersion":3465}