{"stats":{"minecraft:killed":{"minecraft:player":1},"minecraft:custom":{"minecraft:jump":67,"minecraft:time_since_rest":107,"minecraft:deaths":1,"minecraft:damage_dealt":253,"minecraft:crouch_one_cm":1361,"minecraft:sprint_one_cm":3792,"minecraft:play_time":5774,"minecraft:damage_taken":100,"minecraft:time_since_death":78,"minecraft:walk_one_cm":8187,"minecraft:sneak_time":542,"minecraft:total_world_time":5774,"minecraft:fall_one_cm":3041,"minecraft:fly_one_cm":119679,"minecraft:player_kills":1}},"DataVersion":3465}