{"stats":{"minecraft:dropped":{"minecraft:spruce_sign":7,"cobblemon:blue_apricorn":2,"minecraft:crafting_table":1,"minecraft:glow_berries":1,"minecraft:lantern":1,"cobblemon:persim_berry":5,"mermod:sea_necklace":1,"minecraft:cyan_terracotta":2,"minecraft:dirt":1,"minecraft:gold_nugget":9,"minecraft:bone_meal":37,"minecraft:stripped_oak_wood":1,"ftbquests:book":1,"automobility:automobile":2,"minecraft:fishing_rod":2,"minecraft:white_wool":2,"cobblemon:red_apricorn":2,"minecraft:bone":10,"vinery:red_grape_seeds":6,"minecraft:gravel":2,"minecraft:stone_axe":1,"minecraft:compass":1,"simplehats:burgerhat":1,"minecraft:birch_sapling":28,"minecraft:wheat":1,"minecraft:rotten_flesh":4,"simplehats:orange_hat":1,"patchouli:guide_book":1,"minecraft:poppy":1,"create:limestone":8,"minecraft:spruce_slab":3,"minecraft:egg":1,"minecraft:wheat_seeds":2,"minecraft:mossy_cobblestone":2,"minecraft:cobblestone":58,"minecraft:feather":3,"minecraft:apple":2,"minecraft:stick":67,"cobblemon:pink_apricorn":1,"minecraft:diorite":8,"minecraft:raw_iron_block":2,"minecraft:lily_pad":1,"minecraft:spruce_sapling":2,"simplehats:madscientist":1,"cobblemon:wepear_berry":11,"simplehats:babydolphin":2,"simplehats:rgbbigribbon":1,"minecraft:light_gray_terracotta":1,"minecraft:bowl":3,"simplehats:halo":2,"cobblemon:healing_machine":1,"vinery:apple_tree_sapling":3,"minecraft:oak_sapling":22,"minecraft:oak_boat":1,"farmersdelight:rich_soil_farmland":1,"minecraft:stone_bricks":1,"automobility:crowbar":1,"minecraft:stone_pickaxe":1,"minecraft:wooden_pickaxe":1,"minecraft:calcite":3},"minecraft:killed":{"guardvillagers:guard":1,"minecraft:spider":7,"naturalist:boar":1,"minecraft:skeleton":3,"minecraft:sheep":4,"minecraft:donkey":1,"minecraft:zombie":2,"minecraft:cow":3,"naturalist:deer":2,"cobblemon:pokemon":8,"minecraft:player":2},"minecraft:picked_up":{"simplehats:babydolphin":2,"minecraft:iron_chestplate":1,"minecraft:wheat":199,"simplehats:hatbag_rare":1,"cobblemon:red_apricorn":2,"vinery:red_grape_seeds":6,"mythicmetals:raw_kyber":26,"cobblemon:wepear_berry":11,"minecraft:string":27,"minecraft:raw_copper":94,"create:limestone":8,"mythicmetals:raw_osmium":2,"minecraft:calcite":3,"cobblemon:big_root":1,"simplehats:madscientist":2,"minecraft:stick":111,"cobblemon:apricorn_log":5,"minecraft:torch":2,"minecraft:porkchop":2,"minecraft:diorite":8,"farmersdelight:fried_egg":2,"minecraft:honey_bottle":1,"minecraft:rotten_flesh":4,"artifacts:villager_hat":1,"minecraft:cyan_terracotta":1,"cobblemon:verdant_ball":8,"vinery:apple_log":5,"minecraft:blaze_powder":1,"minecraft:cobblestone":349,"minecraft:birch_log":1,"cobblemon:great_ball":2,"minecraft:feather":3,"minecraft:cooked_beef":6,"minecraft:potato":20,"minecraft:flint":1,"create:raw_zinc":25,"minecraft:dirt":31,"minecraft:lantern":2,"simplehats:hatbag_epic":1,"minecraft:bone":4,"minecraft:wheat_seeds":517,"mythicmetals:raw_silver":3,"minecraft:cooked_porkchop":1,"patchouli:guide_book":1,"chipped:ancient_iron_block":1,"cobblemon:persim_berry":5,"minecraft:dark_oak_log":5,"minecraft:mossy_cobblestone":2,"cobblemon:healing_machine":1,"cobblemon:poke_ball":14,"minecraft:spruce_sign":7,"minecraft:oak_sapling":57,"minecraft:fishing_rod":1,"minecraft:crafting_table":4,"minecraft:chicken":2,"naturalist:venison":3,"automobility:automobile":2,"vinery:apple_tree_sapling":3,"simplehats:rgbbigribbon":1,"minecraft:beef":7,"minecraft:oak_boat":1,"minecraft:poppy":1,"minecraft:spruce_slab":3,"minecraft:chest":1,"minecraft:birch_sapling":28,"minecraft:egg":5,"minecraft:raw_iron":34,"simplehats:orange_hat":2,"simplehats:hatbag_common":1,"minecraft:copper_ingot":12,"fwaystones:waystone":1,"mythicmetals:raw_tin":12,"minecraft:dark_oak_planks":6,"minecraft:arrow":5,"simplehats:burgerhat":1,"minecraft:decorated_pot":1,"minecraft:hay_block":12,"minecraft:mutton":10,"minecraft:glow_berries":1,"cobblemon:blue_apricorn":5,"minecraft:white_wool":10,"cobblemon:ancient_poke_ball":2,"minecraft:leather":2,"mythicmetals:raw_banglum":5,"minecraft:chainmail_chestplate":1,"luphieclutteredmod:luphie_apple_chair":1,"mermod:sea_necklace":1,"minecraft:oak_log":109,"minecraft:lily_pad":1,"immersive_aircraft:gyrodyne":7,"minecraft:cooked_mutton":4,"minecraft:apple":4,"minecraft:stone_bricks":1,"minecraft:stone_pickaxe":1,"minecraft:stripped_oak_wood":1,"minecraft:iron_sword":1,"minecraft:raw_iron_block":2,"minecraft:gravel":2,"minecraft:spruce_log":7,"cobblemon:pink_apricorn":1,"minecraft:spruce_sapling":2,"minecraft:white_bed":3,"minecraft:spider_eye":2,"simplehats:halo":2,"minecraft:oak_wood":4,"minecraft:stone_axe":1,"automobility:crowbar":1,"minecraft:black_wool":1,"minecraft:coal":44},"minecraft:custom":{"lootr:looted_stat":22,"minecraft:interact_with_crafting_table":47,"minecraft:open_barrel":1,"minecraft:leave_game":13,"minecraft:time_since_death":76381,"minecraft:sprint_one_cm":1671789,"minecraft:drop":110,"minecraft:talked_to_villager":1,"minecraft:play_time":646584,"minecraft:deaths":11,"minecraft:jump":10369,"minecraft:walk_on_water_one_cm":36924,"minecraft:interact_with_furnace":9,"minecraft:sleep_in_bed":10,"minecraft:damage_dealt":6005,"minecraft:player_kills":2,"minecraft:crouch_one_cm":160858,"minecraft:mob_kills":33,"minecraft:climb_one_cm":7085,"minecraft:walk_one_cm":1299217,"minecraft:sneak_time":34316,"minecraft:walk_under_water_one_cm":20131,"minecraft:interact_with_blast_furnace":1,"minecraft:total_world_time":646584,"minecraft:time_since_rest":36545,"minecraft:damage_taken":5135,"minecraft:swim_one_cm":52256,"minecraft:fly_one_cm":3504145,"minecraft:open_chest":160,"minecraft:aviate_one_cm":3460,"minecraft:fall_one_cm":271134},"minecraft:broken":{"minecraft:stone_pickaxe":1,"minecraft:stone_axe":1,"minecraft:iron_pickaxe":1},"minecraft:crafted":{"minecraft:oak_planks":124,"immersive_aircraft:hull":2,"minecraft:chest":5,"minecraft:crafting_table":4,"luphieclutteredmod:luphie_apple_chair":1,"minecraft:spruce_planks":28,"minecraft:wooden_pickaxe":1,"immersive_aircraft:propeller":1,"simplyswords:iron_scythe":1,"minecraft:stick":56,"minecraft:iron_ingot":58,"minecraft:iron_pickaxe":2,"minecraft:shears":1,"minecraft:stone_shovel":1,"minecraft:iron_nugget":1,"immersive_aircraft:sail":2,"minecraft:furnace":1,"minecraft:white_carpet":12,"minecraft:iron_axe":1,"minecraft:stone_pickaxe":3,"minecraft:dark_oak_planks":20,"minecraft:wheat":108,"minecraft:stone_axe":1,"minecraft:bread":99,"minecraft:air":0,"minecraft:oak_boat":1,"immersive_aircraft:gyrodyne":1,"minecraft:torch":120},"minecraft:used":{"fwaystones:waystone":2,"chipped:vertical_stiped_cyan_stained_glass_pane":7,"minecraft:decorated_pot":1,"minecraft:chest":6,"minecraft:stone":1,"minecraft:quartz_stairs":87,"create:railway_casing":5,"cobblemon:gilded_chest":1,"chipped:tiled_purple_stained_glass_pane":7,"automobility:automobile_assembler":2,"chipped:loose_iron_bars":791,"create:controls":2,"automobility:steep_slope":10,"minecraft:cyan_terracotta":1600,"automobility:dash_panel":26,"minecraft:quartz_slab":13,"minecraft:lantern":1,"minecraft:grass_block":26,"bbb:oak_frame":29,"minecraft:quartz_block":9,"simplyswords:iron_scythe":94,"minecraft:furnace":1,"minecraft:potato":30,"minecraft:end_rod":1,"minecraft:stone_pickaxe":175,"minecraft:oak_planks":5,"minecraft:blackstone":8,"minecraft:wooden_pickaxe":20,"chipped:fancy_purple_stained_glass":7,"minecraft:white_wool":28,"create:track_station":3,"minecraft:light_gray_terracotta":82,"immersive_paintings:glow_painting":3,"cobblemon:restoration_tank":3,"bbb:dark_oak_lantern":6,"automobility:auto_mechanic_table":1,"minecraft:bread":90,"chipped:ancient_iron_block":1,"minecraft:red_terracotta":264,"mcwfences:modern_quartz_wall":32,"minecraft:dark_oak_fence":25,"minecraft:birch_log":1,"immersive_aircraft:gyrodyne":7,"create:framed_glass_door":21,"minecraft:purple_wool":31,"minecraft:oak_fence":19,"minecraft:oak_trapdoor":5,"create:framed_glass":7,"minecraft:netherite_sword":3,"minecraft:stone_shovel":15,"minecraft:torch":81,"cobblemon:pasture":1,"createdeco:andesite_hull":1,"minecraft:dirt":14,"chipped:fancy_blue_stained_glass_pane":15,"minecraft:shroomlight":14,"minecraft:iron_hoe":11,"minecraft:dark_oak_planks":6,"automobility:snow_off_road":13,"immersive_paintings:painting":3,"minecraft:iron_axe":6,"universal_shops:trade_block":1,"minecraft:birch_hanging_sign":1,"cobblemon:pc":2,"chipped:checkered_quartz_block_tiles":268,"minecraft:cooked_beef":6,"farmersdelight:fried_egg":2,"minecraft:wheat_seeds":207,"minecraft:cooked_mutton":4,"cobblemon:monitor":2,"minecraft:crafting_table":7,"mcwwindows:light_blue_mosaic_glass_pane":8,"minecraft:white_bed":7,"cobblemon:healing_machine":10,"minecraft:oak_log":1,"create:track":5,"bbb:oak_support":53,"minecraft:iron_pickaxe":299,"mcwlights:soul_double_street_lamp":1,"chipped:vertical_stiped_purple_stained_glass_pane":7,"universal_shops:admin_trade_block":31,"everycomp:mcd/betterend/umbrella_tree_japanese2_door":2,"chipped:woven_purple_stained_glass":2,"bakery:strawberry_cake_slice":1,"minecraft:stone_axe":111,"minecraft:cobblestone":89,"minecraft:cooked_porkchop":1,"bbb:oak_trim":4,"automobility:grass_off_road":1,"farmersdelight:fruit_salad":3,"chipped:blank_quartz_block_carving":21,"luphieclutteredmod:luphie_apple_chair":2,"mcwwindows:purple_mosaic_glass_pane":7,"minecraft:splash_potion":1},"minecraft:mined":{"minecraft:dark_oak_planks":6,"minecraft:white_bed":3,"cobblemon:big_root":1,"minecraft:grass_block":15,"minecraft:spawner":1,"minecraft:tall_seagrass":1,"minecraft:iron_ore":34,"luphieclutteredmod:luphie_apple_chair":1,"create:limestone":8,"minecraft:spruce_slab":3,"vinery:red_grape_bush":1,"minecraft:calcite":3,"minecraft:chest":1,"minecraft:cobblestone":3,"minecraft:wall_torch":2,"minecraft:birch_log":1,"minecraft:wheat":217,"minecraft:stripped_oak_wood":1,"minecraft:grass":56,"minecraft:oak_log":7,"minecraft:dirt":17,"minecraft:oak_leaves":2,"create:zinc_ore":25,"cobblemon:healing_machine":1,"minecraft:mossy_cobblestone":1,"mythicmetals:calcite_kyber_ore":16,"mythicmetals:osmium_ore":1,"minecraft:dark_oak_log":5,"minecraft:sea_lantern":1,"mythicmetals:silver_ore":3,"minecraft:decorated_pot":1,"minecraft:spruce_leaves":1,"minecraft:large_fern":1,"minecraft:hay_block":12,"mythicmetals:tin_ore":9,"treechop:chopped_log":7,"minecraft:potatoes":7,"minecraft:stone":285,"minecraft:white_wool":1,"minecraft:crafting_table":4,"minecraft:oak_wood":4,"minecraft:tall_grass":19,"minecraft:copper_ore":27,"minecraft:lily_pad":1,"minecraft:diorite":4,"minecraft:prismarine_bricks":1,"minecraft:ice":1,"minecraft:spruce_log":7,"minecraft:birch_leaves":4,"minecraft:coal_ore":44,"minecraft:cobweb":22,"minecraft:stone_bricks":1,"mythicmetals:banglum_ore":3,"minecraft:fern":1},"minecraft:killed_by":{"minecraft:piglin_brute":1,"minecraft:drowned":1,"minecraft:zombie":1,"minecraft:player":1,"minecraft:spider":1,"minecraft:skeleton":2}},"DataVersion":3465}