{"stats":{"minecraft:used":{"minecraft:netherite_sword":3,"cobblemon:healing_machine":1},"minecraft:picked_up":{"mermod:sea_necklace":1},"minecraft:killed":{"minecraft:player":2},"minecraft:dropped":{"mermod:sea_necklace":1},"minecraft:custom":{"minecraft:jump":361,"minecraft:time_since_rest":24107,"minecraft:walk_on_water_one_cm":1342,"minecraft:deaths":1,"minecraft:damage_dealt":468,"minecraft:crouch_one_cm":2376,"minecraft:sprint_one_cm":25360,"minecraft:play_time":29774,"minecraft:damage_taken":100,"minecraft:time_since_death":24078,"minecraft:walk_one_cm":31104,"minecraft:sneak_time":882,"minecraft:total_world_time":29774,"minecraft:walk_under_water_one_cm":781,"minecraft:swim_one_cm":1779,"minecraft:drop":1,"minecraft:fall_one_cm":3041,"minecraft:fly_one_cm":225673,"minecraft:player_kills":2}},"DataVersion":3465}