{"stats":{"minecraft:picked_up":{"minecraft:stick":9,"minecraft:wheat_seeds":1,"cobblemon:pinap_berry":12},"minecraft:mined":{"minecraft:dead_bush":7},"minecraft:dropped":{"cobblemon:pinap_berry":6,"minecraft:wheat_seeds":1},"minecraft:custom":{"minecraft:jump":386,"minecraft:time_since_rest":26284,"minecraft:damage_dealt":205,"minecraft:leave_game":4,"minecraft:crouch_one_cm":2485,"minecraft:play_time":26284,"minecraft:sprint_one_cm":40574,"minecraft:damage_taken":20,"minecraft:time_since_death":26284,"minecraft:walk_one_cm":26730,"minecraft:sneak_time":897,"minecraft:total_world_time":26284,"minecraft:fall_one_cm":4253,"minecraft:drop":2,"minecraft:fly_one_cm":148534}},"DataVersion":3465}