{"stats":{"minecraft:killed_by":{"minecraft:player":1},"minecraft:used":{"minecraft:dark_oak_planks":6,"minecraft:netherite_sword":3,"minecraft:decorated_pot":1,"minecraft:crafting_table":1,"minecraft:birch_log":1,"farmersdelight:fruit_salad":3,"cobblemon:healing_machine":1},"minecraft:picked_up":{"minecraft:birch_log":1,"minecraft:stick":2,"minecraft:crafting_table":1,"mermod:sea_necklace":1,"minecraft:dark_oak_log":5,"minecraft:rotten_flesh":2,"minecraft:decorated_pot":1},"minecraft:mined":{"minecraft:birch_log":1,"minecraft:dark_oak_log":5,"minecraft:birch_leaves":4,"minecraft:crafting_table":1,"minecraft:grass":1,"minecraft:decorated_pot":1},"minecraft:crafted":{"minecraft:crafting_table":1,"minecraft:stick":8,"minecraft:wooden_pickaxe":1,"minecraft:dark_oak_planks":20},"minecraft:killed":{"minecraft:player":2},"minecraft:dropped":{"minecraft:bowl":3,"minecraft:rotten_flesh":2,"mermod:sea_necklace":1},"minecraft:custom":{"minecraft:time_since_rest":3604,"minecraft:sprint_one_cm":67535,"minecraft:walk_one_cm":68669,"minecraft:damage_taken":661,"minecraft:drop":5,"minecraft:damage_dealt":499,"minecraft:interact_with_crafting_table":2,"minecraft:swim_one_cm":1779,"minecraft:fly_one_cm":357348,"minecraft:player_kills":2,"minecraft:crouch_one_cm":4731,"minecraft:play_time":52133,"minecraft:deaths":2,"minecraft:sneak_time":1523,"minecraft:walk_under_water_one_cm":781,"minecraft:jump":1085,"minecraft:leave_game":1,"minecraft:time_since_death":3575,"minecraft:walk_on_water_one_cm":1342,"minecraft:total_world_time":52133,"minecraft:climb_one_cm":317,"minecraft:fall_one_cm":24882}},"DataVersion":3465}