{"stats":{"minecraft:killed_by":{"minecraft:player":1,"minecraft:skeleton":1,"minecraft:spider":1,"minecraft:zombie":1},"minecraft:used":{"minecraft:dark_oak_planks":6,"minecraft:netherite_sword":3,"minecraft:decorated_pot":1,"minecraft:wooden_pickaxe":18,"minecraft:dirt":3,"minecraft:crafting_table":1,"minecraft:birch_log":1,"farmersdelight:fruit_salad":3,"minecraft:cooked_beef":1,"cobblemon:healing_machine":1,"farmersdelight:fried_egg":2},"minecraft:picked_up":{"minecraft:birch_log":1,"minecraft:stick":2,"minecraft:crafting_table":1,"minecraft:cooked_beef":6,"minecraft:cooked_porkchop":1,"cobblemon:red_apricorn":2,"mermod:sea_necklace":1,"minecraft:dirt":3,"minecraft:dark_oak_log":5,"minecraft:dark_oak_planks":6,"minecraft:cooked_mutton":4,"farmersdelight:fried_egg":2,"minecraft:rotten_flesh":2,"minecraft:decorated_pot":1,"minecraft:hay_block":1,"minecraft:beef":2,"minecraft:birch_sapling":1,"minecraft:cobblestone":12},"minecraft:mined":{"minecraft:dark_oak_planks":6,"minecraft:hay_block":1,"minecraft:birch_log":1,"minecraft:dark_oak_log":5,"minecraft:birch_leaves":4,"minecraft:crafting_table":1,"minecraft:grass":1,"minecraft:grass_block":1,"minecraft:decorated_pot":1,"minecraft:dirt":2,"minecraft:stone":12},"minecraft:crafted":{"minecraft:crafting_table":1,"minecraft:stick":8,"minecraft:wooden_pickaxe":1,"minecraft:dark_oak_planks":20,"minecraft:wheat":9},"minecraft:killed":{"minecraft:player":2,"minecraft:cow":1},"minecraft:dropped":{"minecraft:bowl":3,"minecraft:birch_sapling":1,"minecraft:rotten_flesh":2,"mermod:sea_necklace":1,"cobblemon:red_apricorn":2},"minecraft:custom":{"minecraft:time_since_rest":9246,"minecraft:sprint_one_cm":101308,"minecraft:damage_taken":1306,"minecraft:walk_one_cm":98985,"minecraft:mob_kills":1,"minecraft:drop":8,"minecraft:damage_dealt":652,"minecraft:swim_one_cm":2802,"minecraft:interact_with_crafting_table":4,"minecraft:fly_one_cm":440843,"minecraft:player_kills":2,"minecraft:crouch_one_cm":12716,"minecraft:play_time":65809,"minecraft:deaths":5,"minecraft:sneak_time":2979,"minecraft:walk_under_water_one_cm":849,"minecraft:jump":1443,"minecraft:leave_game":3,"minecraft:time_since_death":8913,"minecraft:walk_on_water_one_cm":3399,"minecraft:total_world_time":65809,"minecraft:climb_one_cm":317,"minecraft:fall_one_cm":35591}},"DataVersion":3465}