{"stats":{"minecraft:killed_by":{"minecraft:warden":1,"minecraft:skeleton":2,"minecraft:spider":1},"minecraft:used":{"minecraft:warden_spawn_egg":1,"minecraft:firework_rocket":39,"supplementaries:bomb_blue":6,"mythicmetals:celestium_boots":1,"minecraft:potion":1,"minecraft:bow":2,"minecraft:mangrove_roots":1,"simplyswords:mythicmetals_compat/metallurgium/metallurgium_longsword":1,"farmersdelight:fruit_salad":3,"minecraft:enchanted_golden_apple":3,"minecraft:milk_bucket":1},"minecraft:picked_up":{"minecraft:ink_sac":1,"minecraft:string":1,"naturalist:bass":2,"cobblemon:white_apricorn":1,"minecraft:mangrove_roots":1,"naturalist:catfish":1,"minecraft:mangrove_log":2},"minecraft:mined":{"minecraft:glass_pane":1,"minecraft:mangrove_roots":1,"minecraft:mangrove_leaves":13,"cobblemon:apricorn_leaves":2,"minecraft:grass":5,"minecraft:mangrove_log":2},"minecraft:killed":{"naturalist:catfish":1,"minecraft:pig":1},"minecraft:dropped":{"minecraft:mangrove_log":2},"minecraft:custom":{"minecraft:time_since_rest":1164,"lootr:looted_stat":1,"minecraft:sprint_one_cm":52439,"minecraft:walk_one_cm":44195,"minecraft:damage_taken":1745,"minecraft:damage_absorbed":5,"minecraft:mob_kills":2,"minecraft:drop":1,"minecraft:damage_dealt":550,"minecraft:swim_one_cm":28477,"minecraft:fly_one_cm":135272,"minecraft:crouch_one_cm":5634,"minecraft:play_time":34346,"minecraft:deaths":5,"minecraft:sneak_time":1709,"minecraft:walk_under_water_one_cm":11054,"minecraft:aviate_one_cm":1204781,"minecraft:jump":503,"minecraft:walk_on_water_one_cm":9455,"minecraft:leave_game":3,"minecraft:time_since_death":692,"minecraft:damage_resisted":1,"minecraft:total_world_time":34346,"minecraft:climb_one_cm":1832,"minecraft:fall_one_cm":20543}},"DataVersion":3465}