{"stats":{"minecraft:killed_by":{"minecraft:skeleton":2,"minecraft:spider":1},"minecraft:used":{"minecraft:firework_rocket":35,"minecraft:mangrove_roots":1,"farmersdelight:fruit_salad":3},"minecraft:picked_up":{"cobblemon:white_apricorn":1,"naturalist:bass":2,"minecraft:mangrove_roots":1,"minecraft:ink_sac":1,"naturalist:catfish":1,"minecraft:mangrove_log":2},"minecraft:mined":{"minecraft:grass":5,"minecraft:mangrove_log":2,"minecraft:mangrove_roots":1,"minecraft:mangrove_leaves":12,"cobblemon:apricorn_leaves":2},"minecraft:killed":{"naturalist:catfish":1},"minecraft:dropped":{"minecraft:mangrove_log":2},"minecraft:custom":{"minecraft:time_since_rest":9268,"minecraft:play_time":26411,"minecraft:crouch_one_cm":3910,"minecraft:sprint_one_cm":44364,"minecraft:damage_taken":1315,"minecraft:walk_one_cm":31905,"minecraft:deaths":4,"minecraft:sneak_time":1341,"minecraft:walk_under_water_one_cm":10229,"minecraft:mob_kills":1,"minecraft:drop":1,"minecraft:aviate_one_cm":1067090,"minecraft:jump":409,"minecraft:damage_dealt":325,"minecraft:leave_game":2,"minecraft:time_since_death":9245,"minecraft:walk_on_water_one_cm":7544,"minecraft:total_world_time":26411,"minecraft:climb_one_cm":1720,"minecraft:swim_one_cm":26949,"minecraft:fly_one_cm":109225,"minecraft:fall_one_cm":19231}},"DataVersion":3465}