{"stats":{"minecraft:picked_up":{"minecraft:birch_log":1,"minecraft:crafting_table":3,"minecraft:cooked_beef":6,"naturalist:venison":3,"minecraft:leather":1,"cobblemon:red_apricorn":2,"mermod:sea_necklace":1,"minecraft:oak_log":4,"minecraft:dirt":9,"minecraft:lantern":1,"minecraft:cooked_mutton":4,"minecraft:wheat_seeds":1,"minecraft:beef":7,"minecraft:stripped_oak_wood":1,"minecraft:poppy":1,"minecraft:birch_sapling":1,"minecraft:stick":2,"minecraft:cooked_porkchop":1,"minecraft:white_bed":1,"minecraft:dark_oak_log":5,"minecraft:dark_oak_planks":6,"minecraft:oak_wood":4,"farmersdelight:fried_egg":2,"minecraft:rotten_flesh":2,"minecraft:decorated_pot":1,"minecraft:hay_block":1,"minecraft:spruce_sign":2,"cobblemon:blue_apricorn":1,"minecraft:mutton":3,"minecraft:coal":23,"minecraft:white_wool":2,"minecraft:cobblestone":22},"minecraft:crafted":{"minecraft:oak_planks":8,"minecraft:crafting_table":2,"minecraft:wooden_pickaxe":1,"minecraft:stone_axe":1,"minecraft:stick":24,"minecraft:stone_pickaxe":1,"minecraft:dark_oak_planks":20,"minecraft:wheat":9},"minecraft:killed":{"cobblemon:pokemon":2,"minecraft:sheep":1,"naturalist:deer":2,"minecraft:player":2,"minecraft:cow":3},"minecraft:used":{"minecraft:cooked_mutton":4,"minecraft:netherite_sword":3,"minecraft:stone_pickaxe":31,"minecraft:decorated_pot":1,"minecraft:wooden_pickaxe":20,"minecraft:dirt":9,"minecraft:crafting_table":3,"cobblemon:healing_machine":1,"minecraft:dark_oak_planks":6,"bakery:strawberry_cake_slice":1,"minecraft:stone_axe":20,"minecraft:cooked_porkchop":1,"minecraft:birch_log":1,"farmersdelight:fruit_salad":3,"minecraft:cooked_beef":1,"farmersdelight:fried_egg":2},"minecraft:custom":{"lootr:looted_stat":3,"minecraft:mob_kills":8,"minecraft:interact_with_crafting_table":7,"minecraft:leave_game":3,"minecraft:time_since_death":28779,"minecraft:climb_one_cm":317,"minecraft:time_since_rest":29112,"minecraft:sprint_one_cm":203488,"minecraft:damage_taken":1366,"minecraft:walk_one_cm":142261,"minecraft:drop":17,"minecraft:damage_dealt":1292,"minecraft:swim_one_cm":7921,"minecraft:fly_one_cm":698549,"minecraft:player_kills":2,"minecraft:open_chest":3,"minecraft:crouch_one_cm":23028,"minecraft:play_time":85675,"minecraft:deaths":5,"minecraft:sneak_time":4148,"minecraft:walk_under_water_one_cm":1805,"minecraft:jump":2314,"minecraft:walk_on_water_one_cm":5952,"minecraft:total_world_time":85675,"minecraft:fall_one_cm":66240},"minecraft:dropped":{"minecraft:spruce_sign":2,"minecraft:wheat_seeds":1,"cobblemon:blue_apricorn":1,"minecraft:bowl":3,"minecraft:crafting_table":1,"minecraft:birch_sapling":1,"minecraft:rotten_flesh":2,"minecraft:lantern":1,"mermod:sea_necklace":1,"minecraft:poppy":1,"minecraft:wooden_pickaxe":1,"minecraft:stripped_oak_wood":1,"cobblemon:red_apricorn":2},"minecraft:mined":{"minecraft:dark_oak_planks":6,"minecraft:white_bed":1,"minecraft:dark_oak_log":5,"minecraft:crafting_table":3,"minecraft:oak_wood":4,"minecraft:grass_block":8,"minecraft:decorated_pot":1,"minecraft:tall_grass":2,"minecraft:hay_block":1,"minecraft:birch_log":1,"minecraft:birch_leaves":4,"minecraft:stripped_oak_wood":1,"minecraft:grass":14,"minecraft:oak_log":4,"minecraft:coal_ore":23,"minecraft:dirt":2,"minecraft:stone":22},"minecraft:killed_by":{"minecraft:player":1,"minecraft:skeleton":1,"minecraft:spider":1,"minecraft:zombie":1}},"DataVersion":3465}