{"stats":{"minecraft:picked_up":{"minecraft:crafting_table":4,"minecraft:feather":2,"minecraft:chicken":3,"minecraft:oak_fence":1,"minecraft:leather":4,"cobblemon:razz_berry":24,"minecraft:porkchop":8,"cobblemon:bluk_berry":30,"vinery:taiga_grapes_red":2,"minecraft:white_bed":1,"minecraft:spruce_log":7,"minecraft:carrot":16,"minecraft:dark_oak_log":4,"minecraft:string":1,"minecraft:mossy_cobblestone":1,"minecraft:dark_oak_planks":1,"minecraft:wheat_seeds":1,"minecraft:hay_block":21,"minecraft:beef":4,"minecraft:cyan_terracotta":4,"cobblemon:oran_berry":15,"minecraft:coal":6,"minecraft:furnace":1,"minecraft:cobblestone":25,"minecraft:egg":1},"minecraft:crafted":{"minecraft:cooked_porkchop":2,"minecraft:crafting_table":1,"minecraft:stick":8,"minecraft:spruce_planks":28,"minecraft:wooden_pickaxe":1,"minecraft:stone_pickaxe":1,"minecraft:furnace":1,"minecraft:dark_oak_planks":16,"minecraft:stone_axe":1,"minecraft:air":0},"minecraft:killed":{"minecraft:pig":3,"minecraft:chicken":2,"cobblemon:pokemon":1,"naturalist:boar":1,"minecraft:cow":3},"minecraft:used":{"minecraft:stone_pickaxe":24,"minecraft:wooden_pickaxe":15,"minecraft:stone_axe":29,"minecraft:crafting_table":4,"minecraft:furnace":1,"minecraft:carrot":1,"farmersdelight:fruit_salad":3},"minecraft:mined":{"minecraft:hay_block":21,"minecraft:white_bed":1,"minecraft:carrots":4,"minecraft:furnace":1,"minecraft:cyan_terracotta":4,"minecraft:mossy_cobblestone":1,"minecraft:dark_oak_log":4,"minecraft:spruce_log":7,"cobblemon:persim_berry":1,"cobblemon:cheri_berry":1,"minecraft:oak_fence":1,"minecraft:crafting_table":4,"minecraft:coal_ore":6,"minecraft:tall_grass":1,"minecraft:cobblestone":1,"minecraft:stone":24,"cobblemon:oran_berry":1},"minecraft:custom":{"minecraft:time_since_rest":17701,"minecraft:interact_with_furnace":2,"lootr:looted_stat":1,"minecraft:sprint_one_cm":67733,"minecraft:damage_taken":60,"minecraft:walk_one_cm":66770,"minecraft:mob_kills":10,"minecraft:drop":8,"minecraft:animals_bred":1,"minecraft:damage_dealt":920,"minecraft:interact_with_crafting_table":5,"minecraft:swim_one_cm":6457,"minecraft:fly_one_cm":162913,"minecraft:talked_to_villager":7,"minecraft:crouch_one_cm":3241,"minecraft:play_time":17701,"minecraft:sneak_time":557,"minecraft:walk_under_water_one_cm":409,"minecraft:jump":481,"minecraft:leave_game":3,"minecraft:time_since_death":17701,"minecraft:walk_on_water_one_cm":900,"minecraft:total_world_time":17701,"minecraft:climb_one_cm":1480,"minecraft:fall_one_cm":15756},"minecraft:dropped":{"ubesdelight:ginger":2,"minecraft:cyan_terracotta":4,"ubesdelight:ube":2,"minecraft:bowl":3,"minecraft:oak_fence":1,"minecraft:cobblestone":8,"minecraft:dark_oak_planks":5}},"DataVersion":3465}