{"stats":{"minecraft:killed":{"minecraft:witch":9,"minecraft:spider":7,"naturalist:boar":1,"minecraft:skeleton":5,"minecraft:chicken":3,"minecraft:drowned":1,"artifacts:mimic":1,"minecraft:pig":3,"cobblemon:pokemon":1,"minecraft:bat":1,"minecraft:pillager":6,"minecraft:zombie":139,"minecraft:blaze":1,"minecraft:cow":3},"minecraft:crafted":{"minecraft:wooden_sword":2,"minecraft:leather_boots":1,"minecraft:cooked_chicken":3,"minecraft:furnace":1,"minecraft:dark_oak_door":3,"minecraft:iron_boots":1,"minecraft:iron_axe":1,"minecraft:stone_pickaxe":1,"minecraft:chest":4,"minecraft:spruce_boat":2,"cobblemon:azure_ball":8,"minecraft:dark_oak_planks":128,"minecraft:wheat":288,"minecraft:cooked_beef":4,"minecraft:cooked_porkchop":8,"minecraft:crafting_table":4,"minecraft:spruce_planks":72,"minecraft:wooden_pickaxe":1,"minecraft:copper_ingot":11,"minecraft:stone_axe":1,"minecraft:bread":99,"minecraft:air":0,"minecraft:iron_chestplate":1,"minecraft:stick":20,"minecraft:iron_pickaxe":1,"minecraft:torch":12},"minecraft:picked_up":{"minecraft:crafting_table":8,"minecraft:wheat":12,"simplehats:hatbag_rare":2,"minecraft:chicken":8,"minecraft:ladder":1,"minecraft:leather_leggings":1,"artifacts:chorus_totem":1,"minecraft:potion":1,"a_man_with_plushies:popgoes_plush":1,"cobblemon:sharp_beak":1,"minecraft:string":11,"minecraft:raw_copper":11,"minecraft:wooden_sword":2,"minecraft:smooth_stone_slab":2,"minecraft:oak_sign":2,"a_man_with_plushies:hat_kid_plush":1,"minecraft:spruce_planks":10,"minecraft:beef":4,"cobblemon:oran_berry":80,"cobblemon:relic_coin":33,"vinery:cherry":16,"cobblemon:chople_berry":1,"minecraft:furnace":6,"minecraft:egg":1,"minecraft:spruce_pressure_plate":1,"minecraft:stick":8,"simplehats:hatbag_common":13,"minecraft:oak_fence":1,"minecraft:big_dripleaf":2,"minecraft:torch":4,"minecraft:porkchop":8,"mythicmetals:raw_tin":5,"minecraft:pointed_dripstone":4,"minecraft:carrot":16,"minecraft:dark_oak_planks":25,"minecraft:arrow":4,"minecraft:rotten_flesh":128,"mythicmetals:raw_manganese":6,"minecraft:nether_bricks":6,"minecraft:hay_block":39,"minecraft:cyan_terracotta":4,"minecraft:white_wool":10,"minecraft:blaze_rod":1,"minecraft:deepslate_brick_stairs":1,"minecraft:iron_bars":1,"cobblemon:blue_apricorn":11,"minecraft:cobblestone":42,"a_man_with_plushies:candy_plush":1,"minecraft:feather":5,"cobblemon:great_ball":5,"minecraft:leather":4,"minecraft:potato":1,"cobblemon:razz_berry":24,"minecraft:stripped_spruce_wood":2,"cobblemon:bluk_berry":30,"fwaystones:stone_brick_waystone":2,"vinery:taiga_grapes_red":2,"minecraft:gunpowder":1,"farmersdelight:flint_knife":1,"minecraft:white_banner":2,"minecraft:dirt":5,"lootr:trophy":2,"simplehats:hatbag_epic":1,"minecraft:leather_boots":1,"minecraft:bone":5,"minecraft:apple":1,"cobblemon:black_apricorn":2,"minecraft:wheat_seeds":1,"minecraft:stone_pickaxe":1,"minecraft:rabbit_hide":2,"minecraft:iron_ingot":3,"minecraft:cooked_chicken":3,"minecraft:glowstone_dust":3,"simplehats:hatbag_uncommon":11,"minecraft:rabbit":2,"minecraft:moss_block":1,"cobblemon:azure_ball":14,"minecraft:dandelion":1,"cobblemon:pecha_berry":13,"cobblemon:cheri_berry":27,"minecraft:sand":12,"minecraft:spruce_sapling":3,"minecraft:spider_eye":3,"minecraft:white_bed":2,"minecraft:spruce_log":20,"cobblemon:aspear_berry":11,"minecraft:dark_oak_log":77,"minecraft:mossy_cobblestone":3,"blahaj:gray_shark":4,"cobblemon:poke_ball":11,"minecraft:spruce_boat":14,"minecraft:stone_axe":1,"minecraft:spruce_sign":1,"cobblemon:chesto_berry":18,"minecraft:oak_sapling":5,"minecraft:netherrack":2,"minecraft:dark_oak_fence":1,"minecraft:coal":38},"minecraft:broken":{"minecraft:iron_axe":1,"minecraft:leather_boots":1},"minecraft:used":{"minecraft:iron_bars":1,"minecraft:flint_and_steel":1,"minecraft:ladder":1,"minecraft:chest":4,"minecraft:spruce_planks":3,"lootr:trophy":2,"minecraft:cooked_chicken":3,"minecraft:torch":15,"farmersdelight:flint_knife":1,"minecraft:carrot":1,"minecraft:obsidian":11,"minecraft:spruce_boat":14,"minecraft:dark_oak_planks":63,"blahaj:gray_shark":4,"minecraft:iron_axe":126,"minecraft:oak_sapling":1,"minecraft:furnace":4,"minecraft:stripped_spruce_wood":1,"minecraft:enchanted_golden_apple":1,"a_man_with_plushies:popgoes_plush":1,"minecraft:stone_pickaxe":86,"minecraft:wooden_pickaxe":15,"minecraft:diamond_axe":396,"a_man_with_plushies:golden_plush_box":2,"minecraft:white_wool":1,"minecraft:golden_apple":1,"minecraft:mossy_cobblestone":2,"fwaystones:stone_brick_waystone":2,"minecraft:sand":5,"minecraft:crafting_table":12,"minecraft:crossbow":42,"minecraft:white_bed":1,"minecraft:painting":1,"cobblemon:healing_machine":1,"minecraft:dark_oak_door":3,"a_man_with_plushies:hat_kid_plush":1,"minecraft:apple":8,"minecraft:dark_oak_log":3,"minecraft:iron_pickaxe":69,"minecraft:bread":114,"minecraft:stone_axe":59,"minecraft:wooden_sword":57,"a_man_with_plushies:candy_plush":1,"minecraft:cobblestone":7,"minecraft:white_banner":1,"minecraft:cooked_porkchop":8,"minecraft:splash_potion":1,"farmersdelight:fruit_salad":3,"minecraft:dandelion":1,"minecraft:experience_bottle":3},"minecraft:custom":{"lootr:looted_stat":126,"minecraft:mob_kills":182,"minecraft:animals_bred":1,"minecraft:interact_with_crafting_table":27,"minecraft:open_barrel":5,"minecraft:bell_ring":1,"minecraft:leave_game":6,"minecraft:time_since_death":11821,"minecraft:climb_one_cm":17732,"minecraft:damage_resisted":250,"minecraft:sprint_one_cm":1377539,"minecraft:walk_one_cm":1074345,"minecraft:drop":135,"minecraft:talked_to_villager":30,"minecraft:play_time":482686,"minecraft:deaths":10,"minecraft:sneak_time":3825,"minecraft:walk_under_water_one_cm":68492,"minecraft:boat_one_cm":1038729,"minecraft:jump":8557,"minecraft:walk_on_water_one_cm":58647,"minecraft:total_world_time":482686,"minecraft:interact_with_furnace":13,"minecraft:traded_with_villager":1,"minecraft:sleep_in_bed":1,"minecraft:time_since_rest":11873,"minecraft:damage_absorbed":200,"minecraft:damage_taken":9465,"minecraft:damage_dealt":33806,"minecraft:swim_one_cm":55203,"minecraft:fly_one_cm":1238212,"minecraft:open_chest":59,"minecraft:crouch_one_cm":8178,"minecraft:interact_with_smoker":2,"minecraft:fall_one_cm":139807},"minecraft:dropped":{"ubesdelight:ginger":2,"minecraft:spruce_sign":1,"minecraft:iron_ingot":3,"minecraft:moss_block":1,"mythicmetals:raw_tin":5,"minecraft:mossy_cobblestone":1,"minecraft:feather":3,"minecraft:oak_fence":1,"cobblemon:green_apricorn_seed":1,"minecraft:cobblestone":11,"minecraft:apple":6,"minecraft:coal":3,"minecraft:stick":9,"minecraft:cyan_terracotta":4,"minecraft:dirt":5,"minecraft:deepslate_brick_stairs":1,"minecraft:dark_oak_log":46,"ubesdelight:ube":2,"minecraft:rabbit":1,"cobblemon:sharp_beak":1,"minecraft:potion":1,"minecraft:white_banner":1,"minecraft:wooden_sword":4,"minecraft:sand":7,"minecraft:iron_axe":1,"minecraft:dark_oak_planks":24,"minecraft:string":6,"minecraft:white_wool":9,"minecraft:spruce_sapling":3,"minecraft:bone":5,"minecraft:furnace":3,"minecraft:stone_axe":2,"simplehats:hatbag_rare":2,"minecraft:cooked_chicken":3,"minecraft:blaze_rod":1,"minecraft:bowl":3,"minecraft:wheat":3,"minecraft:pointed_dripstone":4,"cobblemon:cheri_berry":18,"minecraft:chicken":2,"minecraft:rotten_flesh":70,"cobblemon:chesto_berry":4,"minecraft:nether_bricks":6,"minecraft:oak_sign":2,"minecraft:carrot":13,"minecraft:big_dripleaf":2,"minecraft:rabbit_hide":2,"minecraft:potato":9,"vinery:taiga_grapes_red":2,"cobblemon:white_apricorn_seed":1,"farmersdelight:flint_knife":1,"simplehats:hatbag_common":4,"minecraft:spruce_planks":20,"simplehats:hatbag_uncommon":9,"cobblemon:pink_apricorn_seed":1,"minecraft:leather_boots":1,"minecraft:oak_sapling":4,"mythicmetals:raw_manganese":6,"cobblemon:pecha_berry":13,"minecraft:leather_leggings":1,"minecraft:spider_eye":3,"minecraft:spruce_log":4,"minecraft:arrow":4,"minecraft:stone_pickaxe":2,"minecraft:stripped_spruce_wood":1,"minecraft:netherrack":2,"minecraft:egg":1},"minecraft:killed_by":{"minecraft:pillager":1,"minecraft:skeleton":1,"minecraft:zombie":8},"minecraft:mined":{"minecraft:dark_oak_planks":7,"minecraft:white_bed":2,"minecraft:mossy_cobblestone":3,"minecraft:cobbled_deepslate_stairs":4,"minecraft:dark_oak_log":5,"minecraft:nether_bricks":3,"cobblemon:cheri_berry":2,"minecraft:ladder":1,"minecraft:dark_oak_fence":1,"minecraft:grass_block":4,"minecraft:spruce_leaves":2,"minecraft:moss_block":1,"minecraft:spawner":8,"minecraft:hay_block":33,"minecraft:furnace":3,"minecraft:carrots":4,"mythicmetals:tin_ore":3,"treechop:chopped_log":3,"minecraft:pointed_dripstone":2,"minecraft:iron_bars":1,"minecraft:deepslate_brick_stairs":6,"blahaj:gray_shark":4,"minecraft:stone":42,"minecraft:white_wool":10,"minecraft:cyan_terracotta":4,"minecraft:polished_deepslate_stairs":2,"minecraft:oak_fence":1,"minecraft:crafting_table":8,"minecraft:torch":1,"minecraft:spruce_wall_sign":1,"minecraft:tall_grass":2,"minecraft:copper_ore":4,"minecraft:cobblestone":6,"cobblemon:oran_berry":2,"minecraft:wall_torch":3,"minecraft:big_dripleaf":1,"lootr:trophy":1,"minecraft:stripped_spruce_wood":1,"farmersdelight:cutting_board":2,"mythicmetals:manganese_ore":4,"minecraft:spruce_log":7,"cobblemon:persim_berry":1,"minecraft:smooth_stone_slab":2,"minecraft:grass":3,"minecraft:coal_ore":38,"minecraft:sand":8,"minecraft:gravel":1,"minecraft:dirt":2,"mythicmetals:morkite_ore":1,"minecraft:mangrove_log":1,"minecraft:cracked_stone_bricks":3,"minecraft:polished_andesite":1,"minecraft:stone_bricks":8,"minecraft:mossy_stone_bricks":1}},"DataVersion":3465}