{"stats":{"minecraft:dropped":{"minecraft:spruce_sign":42,"minecraft:iron_sword":1,"minecraft:brown_mushroom":1,"minecraft:birch_planks":1,"minecraft:lapis_lazuli":2,"minecraft:glow_ink_sac":10,"cobblemon:red_apricorn_seed":1,"minecraft:diamond":3,"minecraft:glass_bottle":1,"mythicmetals:raw_silver":2,"minecraft:crafting_table":2,"minecraft:decorated_pot":3,"minecraft:orange_tulip":2,"simplehats:grandmadisguise":1,"minecraft:leather":1,"cobblemon:vivichoke_seeds":5,"minecraft:dirt":1,"cobblemon:razz_berry":25,"minecraft:dark_oak_log":21,"minecraft:mutton":2,"minecraft:gold_nugget":10,"minecraft:phantom_membrane":2,"minecraft:polished_blackstone_bricks":1,"ftbquests:book":1,"minecraft:dark_oak_boat":2,"minecraft:white_wool":7,"minecraft:bone":8,"simplehats:propelhat":1,"minecraft:stone_axe":1,"simplyswords:runic_tablet":1,"minecraft:goat_horn":1,"minecraft:compass":1,"minecraft:birch_sapling":10,"minecraft:wheat":75,"minecraft:obsidian":5,"cobblemon:cheri_berry":11,"minecraft:rotten_flesh":15,"minecraft:oak_planks":24,"patchouli:guide_book":1,"simpletms:tr_tripleaxel":1,"herbalbrews:tea_blossom":2,"minecraft:melon_seeds":3,"minecraft:leather_boots":2,"minecraft:ladder":1,"minecraft:spruce_wood":2,"ubesdelight:garlic":4,"minecraft:spruce_slab":4,"minecraft:glass":4,"minecraft:arrow":5,"minecraft:beef":10,"artifacts:scarf_of_invisibility":1,"minecraft:written_book":1,"ubesdelight:lemongrass_seeds":1,"minecraft:egg":18,"minecraft:bread":6,"simpletms:tr_bide":1,"minecraft:wheat_seeds":184,"minecraft:cobblestone":16,"minecraft:feather":4,"minecraft:apple":18,"minecraft:spruce_stairs":3,"brewery:corn_seeds":4,"minecraft:coal":18,"minecraft:stick":6,"cobblemon:medicinal_leek":5,"minecraft:ink_sac":2,"simplehats:cyclopseye":1,"minecraft:wooden_axe":2,"minecraft:rabbit":2,"candlelight:lettuce":1,"travelersbackpack:blank_upgrade":1,"minecraft:diamond_helmet":2,"minecraft:fire_charge":1,"simplehats:worms_mine":1,"minecraft:oak_stairs":2,"cobblemon:shell_bell":1,"minecraft:paper":51,"minecraft:string":13,"minecraft:pink_petals":1,"minecraft:bucket":1,"minecraft:acacia_planks":1,"naturalist:duck_egg":1,"minecraft:sweet_berries":3,"minecraft:coarse_dirt":1,"farmersdelight:fruit_salad":3,"minecraft:chicken":1,"minecraft:white_carpet":3,"minecraft:light_gray_wool":3,"minecraft:name_tag":2,"minecraft:oak_sign":8,"minecraft:shears":1,"minecraft:filled_map":1,"minecraft:potato":28,"minecraft:cobblestone_slab":2,"cobblemon:apricorn_leaves":4,"minecraft:spruce_planks":1,"minecraft:spruce_trapdoor":1,"minecraft:golden_sword":1,"farmersdelight:rich_soil_farmland":3,"minecraft:stone_bricks":2,"brewery:hops_seeds":2,"minecraft:stone_pickaxe":2,"minecraft:wooden_pickaxe":1,"minecraft:calcite":5},"minecraft:killed":{"minecraft:skeleton":5,"minecraft:zombie":12,"minecraft:cow":5,"cobblemon:pokemon":1,"minecraft:player":1},"minecraft:picked_up":{"minecraft:wooden_axe":1,"minecraft:wheat":167,"cobblemon:red_apricorn":8,"minecraft:oak_stairs":2,"minecraft:warped_stairs":3,"minecraft:string":4,"minecraft:raw_copper":4,"minecraft:oak_sign":8,"cobblemon:exp_candy_s":1,"minecraft:spruce_planks":1,"minecraft:warped_slab":3,"minecraft:cobblestone_slab":2,"minecraft:calcite":24,"minecraft:coal_block":1,"minecraft:stick":2,"minecraft:torch":2,"minecraft:acacia_log":4,"minecraft:spruce_stairs":3,"simplehats:worms_mine":1,"minecraft:warped_planks":12,"minecraft:rotten_flesh":20,"simplehats:supersandhat":1,"minecraft:cobblestone":91,"minecraft:birch_log":14,"candlelight:lettuce":1,"minecraft:pink_petals":1,"cobblemon:ultra_ball":88,"minecraft:andesite":1,"minecraft:dark_oak_boat":7,"minecraft:copper_block":4,"minecraft:potato":7,"herbalbrews:tea_blossom":2,"cobblemon:razz_berry":49,"cobblemon:roseate_ball":1,"minecraft:stripped_spruce_wood":3,"cobblemon:bluk_berry":20,"lootr:trophy":1,"minecraft:lantern":4,"minecraft:lapis_lazuli":1,"minecraft:dirt":16,"brewery:hops_seeds":2,"minecraft:leather_boots":1,"minecraft:bone":8,"minecraft:wheat_seeds":449,"simplehats:cyclopseye":1,"minecraft:orange_tulip":2,"cobblemon:black_apricorn":8,"ftbquests:book":1,"minecraft:rabbit":2,"minecraft:diamond_helmet":1,"cobblemon:moon_stone":1,"mythicmetals:raw_silver":2,"minecraft:oak_planks":12,"simplehats:grandmadisguise":2,"patchouli:guide_book":1,"minecraft:sand":28,"minecraft:ink_sac":2,"minecraft:dark_oak_log":106,"naturalist:duck_egg":1,"cobblemon:healing_machine":3,"fwaystones:red_desert_waystone":13,"cobblemon:poke_ball":12,"minecraft:golden_apple":1,"minecraft:emerald":6,"minecraft:spruce_sign":42,"minecraft:bread":6,"cobblemon:medicinal_leek":5,"minecraft:oak_sapling":4,"cobblemon:apricorn_leaves":4,"minecraft:coarse_dirt":16,"minecraft:crafting_table":3,"minecraft:stripped_warped_hyphae":4,"minecraft:chicken":2,"minecraft:ladder":4,"minecraft:brown_mushroom":1,"minecraft:gold_block":8,"simplehats:bowler":1,"minecraft:white_carpet":6,"cobblemon:green_apricorn":5,"minecraft:beef":10,"cobblemon:relic_coin":303,"minecraft:light_gray_wool":3,"cobblemon:dusk_stone":2,"minecraft:spruce_slab":5,"minecraft:birch_sapling":10,"minecraft:spruce_trapdoor":1,"minecraft:phantom_membrane":2,"minecraft:egg":1,"minecraft:raw_iron":12,"minecraft:copper_ingot":3,"minecraft:fire_charge":1,"simplehats:propelhat":2,"minecraft:polished_blackstone_bricks":1,"cobblemon:vivichoke_seeds":2,"farmersdelight:rich_soil_farmland":1,"cobblemon:dawn_stone":1,"minecraft:arrow":8,"expandeddelight:asparagus":1,"minecraft:decorated_pot":3,"a_man_with_plushies:omori_plush":1,"minecraft:hay_block":47,"artifacts:running_shoes":1,"minecraft:mutton":4,"minecraft:white_wool":48,"cobblemon:ancient_poke_ball":1,"minecraft:glow_ink_sac":5,"minecraft:leather":6,"minecraft:red_mushroom":1,"minecraft:birch_planks":24,"cobblemon:slate_ball":7,"minecraft:oak_log":22,"cobblemon:focus_band":1,"immersive_aircraft:gyrodyne":53,"minecraft:paper":34,"minecraft:smooth_sandstone":2,"minecraft:apple":2,"minecraft:stone_bricks":2,"minecraft:spruce_wood":2,"minecraft:stone_pickaxe":1,"a_man_with_plushies:cuphead_plush":1,"minecraft:iron_sword":1,"cobblemon:red_apricorn_seed":2,"minecraft:pumpkin":1,"minecraft:sweet_berries":3,"minecraft:raw_iron_block":3,"cobblemon:cheri_berry":10,"cobblemon:pink_apricorn":9,"artifacts:scarf_of_invisibility":1,"travelersbackpack:standard":1,"minecraft:melon_seeds":3,"minecraft:coal":28,"a_man_with_plushies:enderman_plush":1},"minecraft:custom":{"lootr:looted_stat":128,"minecraft:interact_with_crafting_table":50,"minecraft:open_barrel":8,"minecraft:eat_cake_slice":1,"minecraft:leave_game":6,"minecraft:time_since_death":200099,"minecraft:sprint_one_cm":2455028,"minecraft:damage_blocked_by_shield":120,"minecraft:drop":162,"minecraft:talked_to_villager":1,"minecraft:play_time":579997,"minecraft:deaths":13,"minecraft:jump":15068,"minecraft:walk_on_water_one_cm":76690,"minecraft:interact_with_furnace":18,"minecraft:interact_with_cartography_table":1,"minecraft:interact_with_loom":3,"minecraft:sleep_in_bed":2,"minecraft:damage_dealt":5397,"minecraft:player_kills":1,"minecraft:crouch_one_cm":2409,"minecraft:interact_with_smoker":1,"minecraft:interact_with_smithing_table":10,"minecraft:interact_with_anvil":2,"minecraft:mob_kills":28,"minecraft:climb_one_cm":27775,"minecraft:walk_one_cm":1185783,"minecraft:sneak_time":7034,"minecraft:walk_under_water_one_cm":72848,"minecraft:boat_one_cm":142505,"minecraft:interact_with_blast_furnace":1,"minecraft:total_world_time":579997,"minecraft:time_since_rest":199941,"minecraft:damage_taken":8573,"minecraft:swim_one_cm":71206,"minecraft:fly_one_cm":2310100,"minecraft:open_chest":8,"minecraft:fall_one_cm":253337},"minecraft:broken":{"minecraft:wooden_axe":1},"minecraft:used":{"minecraft:iron_shovel":46,"minecraft:ladder":3,"minecraft:shield":2,"minecraft:iron_sword":63,"lootr:trophy":1,"farmersdelight:rich_soil_farmland":1,"minecraft:lantern":4,"minecraft:golden_sword":7,"minecraft:dark_oak_boat":5,"minecraft:furnace":1,"minecraft:stone_pickaxe":68,"minecraft:wooden_pickaxe":18,"minecraft:shears":33,"minecraft:bread":219,"minecraft:andesite":1,"immersive_aircraft:gyrodyne":53,"minecraft:coarse_dirt":15,"minecraft:experience_bottle":1,"expandeddelight:asparagus":1,"minecraft:torch":6,"a_man_with_plushies:cuphead_plush":1,"minecraft:wooden_axe":82,"minecraft:iron_axe":92,"minecraft:acacia_planks":9,"minecraft:pumpkin":1,"minecraft:calcite":18,"ubesdelight:garlic":2,"fwaystones:red_desert_waystone":12,"a_man_with_plushies:golden_plush_box":2,"minecraft:crafting_table":8,"minecraft:red_mushroom":1,"minecraft:warped_planks":2,"cobblemon:healing_machine":2,"minecraft:apple":1,"minecraft:diamond_shovel":17,"minecraft:iron_pickaxe":173,"bakery:strawberry_cake_slice":1,"travelersbackpack:standard":5},"minecraft:crafted":{"minecraft:oak_planks":40,"travelersbackpack:crafting_upgrade":1,"minecraft:dark_oak_boat":1,"minecraft:dark_oak_wood":3,"cobblemon:slate_ball":8,"minecraft:glass":28,"immersive_aircraft:hull":2,"minecraft:chest":2,"travelersbackpack:iron_tier_upgrade":1,"minecraft:crafting_table":9,"minecraft:wooden_pickaxe":1,"travelersbackpack:standard":3,"minecraft:copper_ingot":36,"minecraft:birch_planks":56,"immersive_aircraft:propeller":1,"cobblemon:poke_ball":8,"minecraft:shield":1,"minecraft:stick":28,"minecraft:iron_pickaxe":1,"minecraft:iron_ingot":39,"minecraft:gold_ingot":73,"minecraft:shears":1,"minecraft:raw_iron":27,"comforts:sleeping_bag_white":1,"immersive_aircraft:sail":2,"minecraft:furnace":1,"minecraft:white_carpet":12,"travelersbackpack:blank_upgrade":4,"travelersbackpack:gold_tier_upgrade":1,"minecraft:iron_axe":1,"minecraft:stone_pickaxe":1,"minecraft:dark_oak_planks":240,"minecraft:wheat":423,"travelersbackpack:backpack_tank":4,"cobblemon:roseate_ball":4,"minecraft:bread":159,"minecraft:air":0,"immersive_aircraft:gyrodyne":1,"minecraft:wooden_axe":3,"minecraft:acacia_planks":16,"minecraft:torch":4},"minecraft:mined":{"minecraft:spruce_planks":1,"minecraft:warped_stairs":3,"minecraft:spruce_trapdoor":1,"minecraft:grass_block":9,"minecraft:coal_block":1,"minecraft:stripped_warped_hyphae":5,"minecraft:spawner":12,"minecraft:polished_blackstone_bricks":1,"minecraft:raw_iron_block":3,"minecraft:iron_ore":12,"cobblemon:red_apricorn":4,"minecraft:oak_stairs":1,"minecraft:spruce_wood":2,"minecraft:spruce_slab":4,"minecraft:brown_mushroom":1,"brewery:wild_hops":1,"minecraft:cyan_terracotta":1,"minecraft:melon_stem":3,"minecraft:clay":1,"cobblemon:apricorn_leaves":7,"minecraft:light_gray_terracotta":1,"minecraft:calcite":25,"minecraft:cobblestone":4,"minecraft:wall_torch":6,"minecraft:pink_petals":1,"lootr:trophy":1,"minecraft:warped_planks":16,"cobblemon:bluk_berry":4,"minecraft:birch_log":7,"minecraft:wheat":177,"minecraft:light_gray_wool":3,"minecraft:orange_tulip":2,"cobblemon:dusk_stone_ore":2,"minecraft:copper_block":4,"minecraft:grass":118,"minecraft:oak_log":5,"cobblemon:deepslate_moon_stone_ore":1,"minecraft:loom":1,"minecraft:sand":36,"minecraft:dirt":7,"minecraft:oak_leaves":6,"cobblemon:healing_machine":2,"minecraft:dark_prismarine":1,"minecraft:mossy_cobblestone":2,"minecraft:red_stained_glass":3,"farmersdelight:wild_carrots":1,"cobblemon:cheri_berry":1,"minecraft:ladder":4,"mythicmetals:silver_ore":1,"minecraft:decorated_pot":5,"minecraft:brown_mushroom_block":1,"minecraft:spruce_leaves":7,"minecraft:red_mushroom":1,"minecraft:large_fern":6,"minecraft:hay_block":47,"candlelight:wild_lettuce":1,"cobblemon:razz_berry":5,"cobblemon:black_apricorn":5,"minecraft:andesite":1,"treechop:chopped_log":6,"minecraft:gold_block":8,"minecraft:cobblestone_slab":1,"expandeddelight:wild_asparagus":1,"minecraft:stone":96,"minecraft:white_wool":30,"minecraft:acacia_leaves":3,"minecraft:stone_brick_slab":1,"travelersbackpack:standard":1,"minecraft:smooth_sandstone":3,"minecraft:crafting_table":1,"minecraft:rose_bush":1,"minecraft:tall_grass":38,"minecraft:copper_ore":2,"cobblemon:deepslate_dawn_stone_ore":1,"cobblemon:relic_coin_pouch":23,"minecraft:spruce_stairs":1,"minecraft:coarse_dirt":28,"minecraft:stripped_spruce_wood":3,"minecraft:sweet_berry_bush":1,"minecraft:ice":1,"minecraft:coal_ore":18,"minecraft:gravel":1,"minecraft:cobweb":2,"minecraft:cracked_stone_bricks":1,"minecraft:stone_bricks":4,"minecraft:mossy_stone_bricks":2,"minecraft:fern":7,"minecraft:warped_slab":3},"minecraft:killed_by":{"minecraft:creeper":3,"minecraft:vindicator":1,"minecraft:zombie":4,"minecraft:player":1,"minecraft:skeleton":3}},"DataVersion":3465}