{"stats":{"minecraft:killed_by":{"minecraft:player":1,"minecraft:skeleton":2,"minecraft:creeper":1,"minecraft:zombie":3},"minecraft:used":{"minecraft:wooden_axe":25,"ubesdelight:garlic":2,"minecraft:bread":2,"minecraft:wooden_pickaxe":5,"minecraft:crafting_table":2},"minecraft:picked_up":{"minecraft:birch_log":7,"minecraft:brown_mushroom":1,"cobblemon:razz_berry":24,"minecraft:oak_log":5,"minecraft:bone":2,"minecraft:arrow":1,"minecraft:rotten_flesh":1,"minecraft:orange_tulip":1,"cobblemon:green_apricorn":5,"minecraft:hay_block":23,"minecraft:mutton":1,"minecraft:cobblestone":2},"minecraft:mined":{"minecraft:hay_block":23,"minecraft:brown_mushroom":1,"minecraft:cyan_terracotta":1,"minecraft:birch_log":7,"cobblemon:razz_berry":5,"farmersdelight:wild_carrots":1,"minecraft:orange_tulip":1,"minecraft:light_gray_terracotta":1,"minecraft:oak_log":5,"minecraft:stone":2},"minecraft:crafted":{"minecraft:oak_planks":20,"minecraft:crafting_table":2,"minecraft:stick":4,"minecraft:wooden_pickaxe":1,"minecraft:wooden_axe":1,"minecraft:bread":69,"minecraft:wheat":207},"minecraft:killed":{"minecraft:skeleton":1,"minecraft:zombie":1,"cobblemon:pokemon":1,"minecraft:player":1},"minecraft:custom":{"minecraft:time_since_rest":6764,"lootr:looted_stat":1,"minecraft:sprint_one_cm":75072,"minecraft:damage_taken":1786,"minecraft:walk_one_cm":53034,"minecraft:mob_kills":3,"minecraft:damage_dealt":933,"minecraft:interact_with_crafting_table":2,"minecraft:fly_one_cm":60347,"minecraft:player_kills":1,"minecraft:open_chest":2,"minecraft:crouch_one_cm":56,"minecraft:play_time":18545,"minecraft:deaths":7,"minecraft:sneak_time":11,"minecraft:walk_under_water_one_cm":2220,"minecraft:jump":283,"minecraft:leave_game":1,"minecraft:walk_on_water_one_cm":1690,"minecraft:time_since_death":10174,"minecraft:sleep_in_bed":1,"minecraft:total_world_time":18545,"minecraft:fall_one_cm":9416}},"DataVersion":3465}