{"stats":{"minecraft:picked_up":{"minecraft:birch_log":7,"minecraft:feather":2,"create:raw_zinc":32,"supplementaries:flax_seeds":2,"megamons:anistarite_geode_block":8,"minecraft:moss_carpet":2,"minecraft:raw_copper":7,"mythicmetals:raw_adamantite":6,"minecraft:cobbled_deepslate":12,"minecraft:raw_gold":3,"cobblemon:oran_berry":38,"simplehats:hatbag_uncommon":1,"minecraft:azalea":1,"minecraft:iron_nugget":29,"minecraft:iron_pickaxe":2,"minecraft:moss_block":2,"minecraft:egg":2,"simplehats:questbook":1,"minecraft:raw_iron":46,"naturalist:duck":2,"minecraft:torch":4,"minecraft:bowl":3,"mythicmetals:morkite":6,"minecraft:redstone":66,"megamons:anistarite_rough_geode_block":2,"minecraft:bundle":1,"minecraft:diamond":5,"supplementaries:antique_ink":2,"minecraft:emerald":16,"supplementaries:ash":6,"cobblemon:chesto_berry":34,"minecraft:glow_berries":6,"minecraft:mutton":1,"minecraft:coal":5,"minecraft:white_wool":1,"minecraft:cobblestone":49},"minecraft:crafted":{"minecraft:crafting_table":2,"minecraft:wooden_pickaxe":1,"minecraft:iron_sword":1,"minecraft:furnace":1,"minecraft:birch_planks":28,"minecraft:diamond_pickaxe":1,"minecraft:stick":32,"minecraft:iron_ingot":18,"minecraft:iron_pickaxe":1,"minecraft:stone_pickaxe":1,"minecraft:torch":84},"minecraft:killed":{"cobblemon:pokemon":1,"naturalist:duck":1,"minecraft:skeleton":1,"minecraft:zombie":1},"minecraft:used":{"minecraft:moss_carpet":2,"minecraft:bundle":1,"minecraft:stone_pickaxe":56,"minecraft:wooden_pickaxe":3,"minecraft:iron_sword":13,"minecraft:torch":12,"minecraft:glow_berries":6,"minecraft:crafting_table":2,"minecraft:diamond_pickaxe":2,"minecraft:apple":3,"minecraft:bread":2,"minecraft:iron_pickaxe":151,"minecraft:cobblestone":8,"minecraft:furnace":1,"minecraft:egg":2,"farmersdelight:fruit_salad":3,"minecraft:cobbled_deepslate":3},"minecraft:custom":{"lootr:looted_stat":3,"minecraft:interact_with_furnace":8,"minecraft:mob_kills":4,"minecraft:interact_with_crafting_table":7,"minecraft:leave_game":1,"minecraft:time_since_death":1859,"minecraft:climb_one_cm":1252,"minecraft:time_since_rest":1888,"minecraft:sprint_one_cm":246943,"minecraft:damage_taken":690,"minecraft:walk_one_cm":145622,"minecraft:drop":27,"minecraft:damage_dealt":540,"minecraft:swim_one_cm":14257,"minecraft:talked_to_villager":4,"minecraft:fly_one_cm":126105,"minecraft:open_chest":3,"minecraft:crouch_one_cm":1067,"minecraft:play_time":48812,"minecraft:deaths":2,"minecraft:sneak_time":216,"minecraft:walk_under_water_one_cm":2288,"minecraft:jump":624,"minecraft:walk_on_water_one_cm":9061,"minecraft:total_world_time":48812,"minecraft:fall_one_cm":21269},"minecraft:mined":{"megamons:anistarite_rough_geode_block":2,"minecraft:deepslate_redstone_ore":15,"create:deepslate_zinc_ore":32,"minecraft:tuff":4,"megamons:anistarite_geode_block":8,"minecraft:deepslate_diamond_ore":5,"mythicmetals:deepslate_morkite_ore":3,"minecraft:clay":1,"minecraft:torch":2,"minecraft:cave_vines_plant":2,"minecraft:emerald_ore":16,"mythicmetals:deepslate_adamantite_ore":2,"cobblemon:chesto_berry":3,"minecraft:tall_grass":1,"minecraft:copper_ore":2,"minecraft:cobblestone":17,"minecraft:deepslate_gold_ore":3,"minecraft:moss_block":2,"cobblemon:oran_berry":4,"minecraft:wall_torch":2,"supplementaries:urn":5,"minecraft:birch_log":7,"minecraft:iron_ore":42,"minecraft:coal_ore":5,"minecraft:cave_vines":7,"minecraft:deepslate_iron_ore":4,"minecraft:azalea":1,"minecraft:stone":32,"minecraft:deepslate":13},"minecraft:dropped":{"ubesdelight:ginger":3,"minecraft:moss_block":2,"minecraft:birch_planks":1,"minecraft:cobbled_deepslate":9,"minecraft:bowl":6,"minecraft:feather":2,"cobblemon:chesto_berry":17,"megamons:anistarite_geode_block":8,"supplementaries:ash":6,"supplementaries:flax_seeds":2,"megamons:anistarite_rough_geode_block":2,"minecraft:bundle":1,"minecraft:mutton":1,"minecraft:azalea":1,"mythicmetals:raw_adamantite":4,"farmersdelight:rich_soil_farmland":3,"minecraft:wooden_pickaxe":1,"minecraft:iron_pickaxe":2,"minecraft:white_wool":1,"naturalist:duck":2,"ubesdelight:lemongrass_seeds":1},"minecraft:killed_by":{"minecraft:skeleton":2}},"DataVersion":3465}