{"stats":{"minecraft:picked_up":{"minecraft:birch_log":7,"minecraft:raw_iron":19,"naturalist:duck":1,"minecraft:feather":1,"megamons:anistarite_geode_block":8,"minecraft:moss_carpet":2,"megamons:anistarite_rough_geode_block":2,"minecraft:raw_copper":7,"minecraft:bundle":1,"minecraft:cobbled_deepslate":5,"minecraft:raw_gold":1,"minecraft:azalea":1,"minecraft:emerald":16,"minecraft:moss_block":2,"minecraft:mutton":1,"minecraft:coal":4,"minecraft:white_wool":1,"minecraft:cobblestone":42,"minecraft:egg":1},"minecraft:crafted":{"minecraft:crafting_table":2,"minecraft:stick":28,"minecraft:iron_ingot":18,"minecraft:wooden_pickaxe":1,"minecraft:iron_pickaxe":1,"minecraft:stone_pickaxe":1,"minecraft:iron_sword":1,"minecraft:furnace":1,"minecraft:torch":84,"minecraft:birch_planks":28},"minecraft:killed":{"cobblemon:pokemon":1,"naturalist:duck":1},"minecraft:used":{"minecraft:moss_carpet":2,"minecraft:apple":2,"minecraft:stone_pickaxe":56,"minecraft:iron_pickaxe":45,"minecraft:wooden_pickaxe":3,"minecraft:iron_sword":1,"minecraft:torch":3,"minecraft:crafting_table":2,"minecraft:furnace":1,"minecraft:egg":1,"farmersdelight:fruit_salad":3},"minecraft:dropped":{"minecraft:wooden_pickaxe":1},"minecraft:mined":{"megamons:anistarite_rough_geode_block":2,"megamons:anistarite_geode_block":8,"minecraft:iron_ore":19,"minecraft:birch_log":7,"minecraft:clay":1,"minecraft:emerald_ore":16,"minecraft:coal_ore":4,"minecraft:cobblestone":10,"minecraft:copper_ore":2,"minecraft:moss_block":2,"minecraft:azalea":1,"minecraft:deepslate_gold_ore":1,"minecraft:stone":32,"minecraft:deepslate":5},"minecraft:custom":{"minecraft:time_since_rest":24812,"minecraft:interact_with_furnace":8,"minecraft:sprint_one_cm":163940,"lootr:looted_stat":1,"minecraft:damage_taken":70,"minecraft:walk_one_cm":81127,"minecraft:mob_kills":2,"minecraft:drop":1,"minecraft:damage_dealt":140,"minecraft:talked_to_villager":4,"minecraft:swim_one_cm":1974,"minecraft:interact_with_crafting_table":6,"minecraft:fly_one_cm":77065,"minecraft:open_chest":3,"minecraft:crouch_one_cm":903,"minecraft:play_time":24812,"minecraft:sneak_time":150,"minecraft:walk_under_water_one_cm":1429,"minecraft:jump":344,"minecraft:leave_game":1,"minecraft:walk_on_water_one_cm":3602,"minecraft:time_since_death":24812,"minecraft:climb_one_cm":962,"minecraft:total_world_time":24812,"minecraft:fall_one_cm":11789}},"DataVersion":3465}