{"stats":{"minecraft:dropped":{"minecraft:spruce_sign":7,"minecraft:iron_sword":3,"minecraft:birch_planks":1,"minecraft:moss_block":2,"minecraft:porkchop":2,"minecraft:lapis_lazuli":11,"minecraft:large_amethyst_bud":1,"minecraft:glow_ink_sac":10,"minecraft:crafting_table":2,"minecraft:dark_oak_sapling":2,"minecraft:honeycomb":2,"minecraft:cracked_stone_bricks":1,"minecraft:cyan_terracotta":1,"minecraft:dirt":438,"cobblemon:ancient_poke_ball":15,"cobblemon:slate_ball":2,"minecraft:stone_button":4,"minecraft:mutton":5,"simplehats:apple":1,"minecraft:gold_nugget":1,"minecraft:bone_meal":37,"minecraft:iron_pickaxe":4,"cobblemon:great_ball":4,"ftbquests:book":2,"minecraft:small_amethyst_bud":2,"minecraft:white_wool":4,"cobblemon:ultra_ball":157,"simplehats:azumanga_hat":1,"simplehats:hatbag_rare":9,"minecraft:compass":2,"minecraft:iron_nugget":4,"minecraft:cobbled_deepslate":9,"cobblemon:apricorn_door":1,"vinery:dark_cherry_sapling":4,"minecraft:wheat":2,"minecraft:rotten_flesh":41,"cobblemon:chesto_berry":17,"minecraft:oak_planks":4,"minecraft:honey_bottle":1,"minecraft:warped_planks":7,"patchouli:guide_book":2,"minecraft:rabbit_hide":1,"supplementaries:flax_seeds":6,"supplementaries:ash":164,"minecraft:music_disc_mall":2,"minecraft:spruce_wood":1,"minecraft:azalea":1,"minecraft:spruce_slab":1,"minecraft:arrow":51,"ubesdelight:lemongrass_seeds":1,"minecraft:dead_tube_coral_block":1,"ubesdelight:ginger":3,"minecraft:iron_ingot":13,"minecraft:bread":8,"minecraft:wheat_seeds":19,"minecraft:mossy_cobblestone":2,"vinery:dark_cherry_planks":9,"minecraft:iron_helmet":1,"minecraft:feather":7,"minecraft:cobblestone":114,"minecraft:book":6,"minecraft:spruce_stairs":4,"cobblemon:roseate_ball":2,"minecraft:grass_block":27,"minecraft:coal":4,"minecraft:stick":17,"minecraft:oxeye_daisy":1,"minecraft:golden_carrot":3,"minecraft:torch":10,"minecraft:rabbit":2,"minecraft:white_concrete":2,"mythicmetals:raw_adamantite":6,"minecraft:iron_leggings":2,"minecraft:polished_andesite_stairs":1,"minecraft:string":3,"minecraft:spruce_sapling":12,"naturalist:duck_egg":2,"minecraft:coarse_dirt":12,"minecraft:raw_copper":31,"minecraft:bowl":7,"minecraft:deepslate":2,"cobblemon:charti_berry":1,"minecraft:raw_iron":5,"farmersdelight:fruit_salad":2,"minecraft:chicken":1,"minecraft:iron_boots":1,"cobblemon:apricorn_planks":4,"minecraft:stripped_oak_log":2,"megamons:anistarite_geode_block":8,"brewery:sausage":2,"vinery:dark_cherry_door":1,"minecraft:snow":1,"minecraft:diamond_sword":2,"megamons:anistarite_rough_geode_block":2,"minecraft:hay_block":2,"minecraft:stone":61,"minecraft:oak_button":1,"minecraft:spruce_planks":6,"minecraft:spruce_trapdoor":3,"minecraft:bundle":1,"minecraft:iron_chestplate":1,"minecraft:golden_leggings":1,"minecraft:oak_sapling":1,"farmersdelight:rich_soil_farmland":7,"minecraft:barrel":6,"minecraft:stone_bricks":3,"cobblemon:poison_barb":1,"minecraft:wooden_pickaxe":1,"minecraft:calcite":2,"minecraft:stripped_spruce_wood":6,"minecraft:dark_prismarine":1,"minecraft:amethyst_cluster":3,"naturalist:duck":2,"minecraft:brick":12},"minecraft:killed":{"minecraft:zombified_piglin":1,"minecraft:skeleton":153,"friendsandfoes:glare":1,"minecraft:bee":3,"minecraft:creeper":1,"minecraft:zombie":45,"minecraft:cow":9,"naturalist:duck":1,"minecraft:horse":6,"cobblemon:pokemon":4,"naturalist:butterfly":1,"minecraft:villager":1},"minecraft:picked_up":{"simplehats:chefshat":1,"minecraft:iron_chestplate":1,"simplehats:hatbag_rare":10,"simplehats:popehat":1,"cobblemon:red_apricorn":9,"minecraft:diamond_sword":1,"cobblemon:charti_berry":1,"minecraft:warped_stairs":1,"minecraft:amethyst_block":3,"minecraft:lapis_block":1,"cobblemon:wepear_berry":3,"minecraft:string":3,"minecraft:dead_tube_coral_block":1,"minecraft:raw_copper":98,"minecraft:iron_leggings":1,"simplehats:triangleshades":1,"minecraft:deepslate_tiles":3,"minecraft:gold_nugget":1,"minecraft:cobbled_deepslate":12,"cobblemon:white_apricorn_seed":1,"minecraft:spruce_planks":5,"cobblemon:oran_berry":293,"minecraft:warped_slab":1,"minecraft:cobblestone_slab":2,"minecraft:calcite":2,"minecraft:azalea":1,"minecraft:iron_pickaxe":3,"vinery:dark_cherry_planks":1,"minecraft:iron_boots":1,"minecraft:stick":25,"cobblemon:apricorn_log":26,"simplehats:dwarfminerbeard":1,"minecraft:composter":1,"minecraft:torch":59,"minecraft:spruce_stairs":7,"minecraft:porkchop":3,"simplehats:bigeyes":1,"minecraft:diorite":6,"minecraft:warped_planks":22,"mythicmetals:morkite":16,"minecraft:honey_bottle":1,"minecraft:rotten_flesh":44,"supplementaries:antique_ink":2,"minecraft:cyan_terracotta":1,"supplementaries:quiver":1,"supplementaries:ash":160,"vinery:dark_cherry_log":11,"minecraft:obsidian":1,"minecraft:cobblestone":3676,"minecraft:birch_log":7,"simplehats:cucumbereyemask":1,"cobblemon:great_ball":15,"minecraft:feather":7,"minecraft:cooked_beef":6,"cobblemon:ultra_ball":11,"minecraft:brown_wool":1,"minecraft:golden_leggings":2,"minecraft:flint":1,"minecraft:stripped_spruce_wood":6,"create:raw_zinc":66,"minecraft:warped_trapdoor":1,"supplementaries:flax_seeds":6,"mythicmetals:raw_platinum":3,"megamons:anistarite_geode_block":8,"minecraft:lapis_lazuli":26,"minecraft:dirt":563,"minecraft:lantern":5,"simplehats:hatbag_epic":1,"minecraft:leather_boots":2,"minecraft:bone":110,"minecraft:large_amethyst_bud":2,"minecraft:bow":11,"minecraft:wheat_seeds":25,"cobblemon:black_apricorn":158,"minecraft:raw_gold":3,"ftbquests:book":1,"cobblemon:thunder_stone":1,"simplehats:hatbag_uncommon":14,"minecraft:rabbit":3,"minecraft:moss_block":2,"minecraft:honeycomb":2,"minecraft:oak_planks":2,"cobblemon:poison_barb":1,"cobblemon:sun_stone":3,"patchouli:guide_book":1,"simplehats:sheep":1,"vinery:dark_cherry_sapling":4,"cobblemon:pecha_berry":14,"minecraft:sand":93,"mythicmetals:raw_quadrillum":8,"cobblemon:persim_berry":43,"minecraft:grass_block":28,"cobblemon:aspear_berry":17,"minecraft:barrel":6,"naturalist:duck_egg":2,"minecraft:mossy_cobblestone":2,"megamons:anistarite_rough_geode_block":2,"minecraft:dark_prismarine":3,"cobblemon:healing_machine":11,"minecraft:bundle":1,"minecraft:iron_hoe":1,"minecraft:polished_andesite":3,"minecraft:deepslate":2,"minecraft:diamond":9,"minecraft:spruce_boat":1,"minecraft:white_concrete":2,"cobblemon:ice_stone":1,"minecraft:spruce_sign":9,"minecraft:emerald":16,"minecraft:bread":8,"minecraft:oak_sapling":1,"cobblemon:chesto_berry":34,"simplehats:apple":1,"minecraft:crafting_table":4,"minecraft:coarse_dirt":14,"minecraft:chicken":5,"minecraft:stripped_warped_hyphae":12,"brewery:sausage":4,"cobblemon:yellow_apricorn":149,"simplehats:bigribbon":1,"minecraft:packed_ice":25,"minecraft:gold_block":4,"minecraft:brick":12,"minecraft:moss_carpet":2,"cobblemon:lum_berry":1,"minecraft:snow":2,"cobblemon:white_apricorn":18,"cobblemon:muscle_band":1,"minecraft:blackstone":2,"mythicmetals:raw_adamantite":8,"minecraft:cracked_stone_bricks":5,"cobblemon:green_apricorn":15,"minecraft:beef":27,"cobblemon:relic_coin":73,"vinery:cherry":1,"minecraft:iron_nugget":31,"minecraft:poppy":1,"minecraft:spruce_slab":2,"minecraft:sugar_cane":13,"minecraft:chest":3,"cobblemon:green_apricorn_seed":1,"minecraft:piston":4,"minecraft:spruce_trapdoor":7,"minecraft:egg":3,"minecraft:dark_oak_sapling":2,"minecraft:raw_iron":83,"naturalist:duck":2,"minecraft:stone":557,"simplehats:hatbag_common":12,"minecraft:bowl":3,"fwaystones:waystone":2,"simpletms:tr_strength":1,"minecraft:stone_button":6,"mythicmetals:raw_tin":13,"minecraft:carrot":1,"minecraft:redstone":66,"minecraft:prismarine_crystals":2,"simplehats:puchiko":1,"minecraft:arrow":400,"simplehats:sport_sunglasses":1,"expandeddelight:asparagus":2,"minecraft:decorated_pot":1,"minecraft:deepslate_bricks":1,"minecraft:hay_block":38,"minecraft:warped_sign":8,"minecraft:glow_berries":6,"minecraft:mutton":5,"cobblemon:blue_apricorn":37,"minecraft:skeleton_skull":1,"minecraft:white_wool":5,"minecraft:oxeye_daisy":1,"minecraft:stripped_oak_log":5,"vinery:dark_cherry_door":2,"cobblemon:ancient_poke_ball":15,"minecraft:glow_ink_sac":10,"minecraft:leather":42,"mythicmetals:raw_banglum":7,"minecraft:oak_log":83,"minecraft:golden_boots":1,"minecraft:gunpowder":2,"minecraft:blue_bed":1,"cobblemon:pink_apricorn_seed":1,"minecraft:spawner":25,"minecraft:stone_bricks":33,"minecraft:rabbit_hide":1,"minecraft:spruce_wood":1,"farmersdelight:fruit_salad":2,"minecraft:iron_ingot":40,"minecraft:stone_pickaxe":1,"minecraft:iron_sword":2,"minecraft:soul_sand":11,"minecraft:book":120,"minecraft:polished_andesite_stairs":1,"cobblemon:red_apricorn_seed":3,"cobblemon:azure_ball":1,"simplehats:azumanga_hat":2,"simplehats:questbook":1,"minecraft:sweet_berries":2,"cobblemon:black_apricorn_seed":11,"minecraft:dandelion":1,"minecraft:raw_iron_block":4,"cobblemon:blue_apricorn_seed":4,"minecraft:gravel":11,"cobblemon:cheri_berry":19,"cobblemon:yellow_apricorn_seed":17,"minecraft:small_amethyst_bud":2,"minecraft:spruce_sapling":19,"cobblemon:pink_apricorn":30,"minecraft:spruce_log":47,"minecraft:sea_lantern":3,"minecraft:music_disc_mall":2,"minecraft:polished_diorite":3,"minecraft:iron_helmet":1,"minecraft:diamond_axe":1,"minecraft:oak_button":4,"minecraft:coal":71,"minecraft:hopper":2},"minecraft:custom":{"lootr:looted_stat":151,"minecraft:interact_with_crafting_table":98,"minecraft:open_barrel":26,"minecraft:bell_ring":1,"minecraft:leave_game":9,"minecraft:time_since_death":128074,"minecraft:sprint_one_cm":3998578,"minecraft:drop":286,"minecraft:talked_to_villager":22,"minecraft:play_time":1042301,"minecraft:deaths":11,"minecraft:jump":14530,"minecraft:walk_on_water_one_cm":341870,"minecraft:interact_with_furnace":83,"minecraft:interact_with_loom":3,"minecraft:sleep_in_bed":21,"minecraft:damage_dealt":18909,"minecraft:crouch_one_cm":72514,"minecraft:interact_with_smoker":1,"minecraft:horse_one_cm":6,"minecraft:interact_with_anvil":5,"minecraft:mob_kills":229,"minecraft:inspect_hopper":1,"minecraft:interact_with_campfire":8,"minecraft:climb_one_cm":19360,"minecraft:walk_one_cm":2716033,"minecraft:sneak_time":21546,"minecraft:walk_under_water_one_cm":142703,"minecraft:boat_one_cm":149244,"minecraft:total_world_time":1042301,"minecraft:time_since_rest":52103,"minecraft:damage_taken":9040,"minecraft:damage_absorbed":29,"minecraft:swim_one_cm":108000,"minecraft:fly_one_cm":1579577,"minecraft:open_chest":258,"minecraft:fall_one_cm":242294},"minecraft:broken":{"minecraft:iron_boots":1,"minecraft:stone_pickaxe":1,"minecraft:diamond_pickaxe":2,"minecraft:iron_pickaxe":1},"minecraft:crafted":{"minecraft:smooth_stone":2,"minecraft:oak_planks":340,"minecraft:cobblestone_slab":6,"minecraft:oak_sign":3,"cobblemon:apricorn_planks":104,"minecraft:stone":193,"minecraft:bookshelf":22,"minecraft:warped_planks":24,"minecraft:glass":65,"minecraft:hopper":4,"minecraft:iron_boots":1,"minecraft:stone_pressure_plate":1,"minecraft:chest":10,"minecraft:oak_button":1,"cobblemon:azure_ball":8,"minecraft:stone_bricks":556,"minecraft:item_frame":4,"minecraft:crafting_table":6,"vinery:dark_cherry_planks":44,"minecraft:spruce_planks":188,"minecraft:wooden_pickaxe":1,"minecraft:iron_helmet":1,"minecraft:copper_ingot":14,"cobblemon:yellow_apricorn_seed":1,"minecraft:birch_planks":28,"cobblemon:apricorn_sign":21,"minecraft:spruce_trapdoor":4,"minecraft:iron_chestplate":1,"minecraft:diamond_pickaxe":3,"minecraft:yellow_dye":1,"minecraft:stick":136,"minecraft:iron_ingot":49,"minecraft:iron_pickaxe":1,"minecraft:gold_ingot":21,"vinery:dark_cherry_door":3,"minecraft:furnace":11,"minecraft:piston":1,"minecraft:bone_meal":1092,"minecraft:iron_hoe":1,"minecraft:stone_pickaxe":1,"minecraft:spruce_boat":2,"minecraft:wheat":324,"minecraft:cooked_beef":14,"minecraft:diamond_sword":1,"minecraft:spruce_sign":9,"minecraft:enchanting_table":1,"minecraft:iron_sword":1,"cobblemon:pc":1,"minecraft:bucket":4,"minecraft:air":0,"minecraft:bread":106,"cobblemon:apricorn_door":3,"minecraft:warped_sign":6,"minecraft:iron_leggings":1,"minecraft:torch":296,"cobblemon:ultra_ball":232,"cobblemon:great_ball":4},"minecraft:used":{"fwaystones:waystone":1,"minecraft:moss_carpet":2,"minecraft:oak_sign":3,"minecraft:chest":9,"minecraft:decorated_pot":1,"minecraft:iron_sword":184,"lootr:trophy":1,"minecraft:stone":30,"minecraft:warped_sign":14,"minecraft:iron_chestplate":1,"minecraft:soul_sand":1,"minecraft:carrot":1,"minecraft:spruce_boat":3,"minecraft:lava_bucket":1,"minecraft:lantern":3,"minecraft:grass_block":1,"cobblemon:apricorn_door":2,"minecraft:stone_bricks":503,"minecraft:item_frame":1,"vinery:dark_cherry_planks":8,"minecraft:snow":1,"minecraft:sweet_berries":2,"minecraft:furnace":11,"minecraft:egg":2,"minecraft:potato":6,"minecraft:oak_planks":198,"minecraft:stone_pickaxe":97,"minecraft:wooden_pickaxe":3,"minecraft:blackstone":2,"minecraft:sugar_cane":13,"minecraft:blue_bed":1,"minecraft:diamond_axe":280,"minecraft:composter":1,"minecraft:golden_apple":1,"minecraft:glow_berries":6,"cobblemon:apricorn_sign":21,"cobblemon:yellow_apricorn_seed":1,"vinery:dark_cherry_door":2,"minecraft:deepslate_tiles":3,"minecraft:bread":155,"minecraft:brown_wool":1,"minecraft:diamond_sword":320,"minecraft:bone_meal":838,"minecraft:experience_bottle":1,"minecraft:enchanting_table":1,"ubesdelight:ube":1,"minecraft:spruce_planks":51,"expandeddelight:asparagus":2,"minecraft:torch":271,"minecraft:dirt":93,"minecraft:anvil":1,"minecraft:hopper":6,"minecraft:diamond_helmet":1,"minecraft:iron_hoe":59,"minecraft:bookshelf":22,"minecraft:spawner":13,"minecraft:iron_boots":1,"cobblemon:pc":1,"minecraft:golden_carrot":6,"minecraft:beef":8,"minecraft:stone_pressure_plate":1,"minecraft:cooked_beef":18,"minecraft:cobbled_deepslate":3,"minecraft:water_bucket":80,"minecraft:bundle":1,"minecraft:spruce_sign":10,"minecraft:cobblestone_slab":4,"minecraft:deepslate_bricks":1,"minecraft:cracked_stone_bricks":4,"minecraft:crafting_table":8,"cobblemon:black_apricorn_seed":1,"cobblemon:healing_machine":12,"minecraft:warped_planks":5,"minecraft:piston":4,"minecraft:diamond_pickaxe":4233,"minecraft:apple":14,"minecraft:diamond_shovel":783,"minecraft:chicken":2,"minecraft:iron_pickaxe":1639,"cobblemon:oran_berry":14,"minecraft:oak_button":4,"minecraft:spruce_trapdoor":5,"bakery:strawberry_cake_slice":1,"minecraft:cobblestone":3075,"minecraft:porkchop":1,"vinery:cherry":1,"farmersdelight:fruit_salad":4,"minecraft:bucket":88,"minecraft:stripped_oak_log":3,"minecraft:diamond_leggings":1,"cobblemon:blue_apricorn_seed":4},"minecraft:mined":{"minecraft:dark_prismarine_stairs":2,"minecraft:large_amethyst_bud":1,"create:deepslate_zinc_ore":32,"minecraft:spruce_planks":3,"minecraft:cobbled_deepslate_stairs":1,"minecraft:jungle_leaves":4,"cobblemon:apricorn_log":1,"mythicmetals:deepslate_morkite_ore":3,"minecraft:warped_stairs":2,"minecraft:spruce_trapdoor":8,"minecraft:cave_vines_plant":2,"cobblemon:pink_apricorn":1,"minecraft:grass_block":65,"minecraft:dead_tube_coral_block":1,"mythicmetals:deepslate_adamantite_ore":2,"minecraft:white_concrete":2,"minecraft:deepslate_bricks":8,"minecraft:polished_diorite":3,"minecraft:stripped_warped_hyphae":12,"minecraft:warped_sign":2,"minecraft:composter":1,"minecraft:hopper":2,"minecraft:oxeye_daisy":1,"minecraft:spawner":43,"cobblemon:ice_stone_ore":1,"minecraft:raw_iron_block":4,"supplementaries:ash":103,"minecraft:iron_ore":80,"minecraft:barrel":6,"minecraft:fire":19,"cobblemon:apricorn_wall_sign":4,"cobblemon:red_apricorn":2,"minecraft:cave_vines":7,"minecraft:dirt_path":2,"cobblemon:yellow_apricorn":1,"minecraft:small_amethyst_bud":1,"minecraft:spruce_wood":1,"minecraft:azalea":1,"minecraft:spruce_slab":2,"minecraft:deepslate_redstone_ore":15,"vinery:dark_cherry_door":2,"megamons:anistarite_geode_block":8,"cobblemon:pecha_berry":4,"minecraft:cyan_terracotta":1,"minecraft:blackstone":2,"minecraft:deepslate_brick_wall":4,"minecraft:clay":1,"cobblemon:apricorn_leaves":2,"minecraft:torch":6,"minecraft:calcite":6,"minecraft:poppy":3,"minecraft:polished_andesite_stairs":1,"minecraft:chest":3,"minecraft:cobblestone":304,"minecraft:oak_planks":2,"minecraft:sugar_cane":7,"minecraft:wall_torch":33,"minecraft:amethyst_block":3,"cobblemon:apricorn_sign":9,"minecraft:skeleton_skull":1,"minecraft:warped_planks":20,"minecraft:birch_log":7,"minecraft:lapis_block":1,"cobblemon:persim_berry":13,"minecraft:grass":406,"minecraft:oak_log":14,"cobblemon:thunder_stone_ore":1,"minecraft:sand":93,"minecraft:dirt":579,"mythicmetals:morkite_ore":5,"minecraft:piston":4,"minecraft:deepslate":22,"cobblemon:healing_machine":10,"create:zinc_ore":35,"minecraft:dark_prismarine":5,"minecraft:deepslate_tiles":5,"minecraft:tuff":4,"minecraft:mossy_cobblestone":2,"minecraft:deepslate_diamond_ore":5,"farmersdelight:wild_carrots":1,"cobblemon:aspear_berry":4,"minecraft:sea_lantern":4,"vinery:dark_cherry_planks":1,"cobblemon:cheri_berry":4,"minecraft:gray_stained_glass_pane":2,"minecraft:stone_button":6,"minecraft:decorated_pot":6,"minecraft:white_stained_glass":4,"cobblemon:chesto_berry":3,"minecraft:spruce_leaves":3,"minecraft:moss_block":2,"minecraft:large_fern":1,"minecraft:hay_block":38,"minecraft:deepslate_brick_slab":1,"mythicmetals:quadrillum_ore":5,"minecraft:snow":3,"minecraft:andesite":2,"minecraft:black_concrete":2,"mythicmetals:tin_ore":12,"treechop:chopped_log":17,"minecraft:warped_wall_sign":6,"minecraft:gold_block":4,"minecraft:bookshelf":2,"expandeddelight:wild_asparagus":2,"minecraft:cobblestone_slab":2,"minecraft:deepslate_iron_ore":4,"minecraft:cyan_concrete":3,"minecraft:vine":1,"minecraft:lantern":1,"minecraft:stripped_oak_log":5,"minecraft:packed_ice":25,"minecraft:warped_trapdoor":1,"minecraft:stone":5012,"megamons:anistarite_rough_geode_block":2,"mythicmetals:platinum_ore":2,"minecraft:glass_pane":4,"minecraft:soul_sand":11,"vinery:dark_cherry_log":11,"minecraft:dandelion":2,"minecraft:crafting_table":2,"minecraft:cornflower":1,"minecraft:emerald_ore":16,"cobblemon:wepear_berry":3,"minecraft:copper_ore":42,"minecraft:tall_grass":172,"minecraft:lapis_ore":3,"minecraft:deepslate_gold_ore":3,"cobblemon:oran_berry":51,"minecraft:diorite":6,"minecraft:blue_bed":1,"cobblemon:relic_coin_pouch":1,"minecraft:spruce_stairs":5,"supplementaries:urn":6,"minecraft:coarse_dirt":12,"minecraft:stripped_spruce_wood":7,"minecraft:ice":18,"minecraft:spruce_log":7,"minecraft:bee_nest":1,"minecraft:coal_ore":85,"minecraft:cocoa":1,"minecraft:gravel":20,"minecraft:cobweb":6,"minecraft:cracked_stone_bricks":4,"cobblemon:sun_stone_ore":3,"minecraft:polished_andesite":1,"minecraft:oak_button":3,"minecraft:stone_bricks":37,"mythicmetals:banglum_ore":12,"minecraft:fern":1,"minecraft:warped_slab":1},"minecraft:killed_by":{"minecraft:zombie":5,"minecraft:bee":1,"minecraft:skeleton":5}},"DataVersion":3465}