{"stats":{"minecraft:picked_up":{"minecraft:birch_log":7,"minecraft:feather":1,"create:raw_zinc":29,"supplementaries:flax_seeds":2,"megamons:anistarite_geode_block":8,"minecraft:moss_carpet":2,"minecraft:raw_copper":7,"minecraft:cobbled_deepslate":8,"minecraft:raw_gold":3,"cobblemon:oran_berry":38,"minecraft:azalea":1,"minecraft:iron_nugget":29,"minecraft:moss_block":2,"minecraft:egg":2,"minecraft:raw_iron":44,"naturalist:duck":1,"megamons:anistarite_rough_geode_block":2,"minecraft:bundle":1,"minecraft:emerald":16,"cobblemon:chesto_berry":34,"minecraft:glow_berries":6,"minecraft:mutton":1,"minecraft:coal":5,"minecraft:white_wool":1,"minecraft:cobblestone":49},"minecraft:crafted":{"minecraft:crafting_table":2,"minecraft:wooden_pickaxe":1,"minecraft:iron_sword":1,"minecraft:furnace":1,"minecraft:birch_planks":28,"minecraft:stick":28,"minecraft:iron_ingot":18,"minecraft:iron_pickaxe":1,"minecraft:stone_pickaxe":1,"minecraft:torch":84},"minecraft:killed":{"cobblemon:pokemon":1,"naturalist:duck":1,"minecraft:zombie":1},"minecraft:used":{"minecraft:moss_carpet":2,"minecraft:stone_pickaxe":56,"minecraft:wooden_pickaxe":3,"minecraft:iron_sword":9,"minecraft:torch":4,"minecraft:glow_berries":6,"minecraft:crafting_table":2,"minecraft:apple":2,"minecraft:iron_pickaxe":113,"minecraft:cobblestone":3,"minecraft:furnace":1,"minecraft:egg":2,"farmersdelight:fruit_salad":3},"minecraft:dropped":{"minecraft:moss_block":2,"megamons:anistarite_geode_block":8,"megamons:anistarite_rough_geode_block":2,"minecraft:azalea":1,"minecraft:wooden_pickaxe":1,"minecraft:white_wool":1},"minecraft:custom":{"lootr:looted_stat":1,"minecraft:interact_with_furnace":8,"minecraft:mob_kills":3,"minecraft:interact_with_crafting_table":6,"minecraft:leave_game":1,"minecraft:time_since_death":9182,"minecraft:climb_one_cm":1252,"minecraft:time_since_rest":9235,"minecraft:sprint_one_cm":209105,"minecraft:damage_taken":300,"minecraft:walk_one_cm":115772,"minecraft:drop":6,"minecraft:damage_dealt":340,"minecraft:swim_one_cm":10784,"minecraft:talked_to_villager":4,"minecraft:fly_one_cm":99350,"minecraft:open_chest":3,"minecraft:crouch_one_cm":993,"minecraft:play_time":36812,"minecraft:deaths":1,"minecraft:sneak_time":186,"minecraft:walk_under_water_one_cm":2068,"minecraft:jump":461,"minecraft:walk_on_water_one_cm":8173,"minecraft:total_world_time":36812,"minecraft:fall_one_cm":17238},"minecraft:mined":{"megamons:anistarite_rough_geode_block":2,"create:deepslate_zinc_ore":29,"minecraft:tuff":1,"megamons:anistarite_geode_block":8,"minecraft:clay":1,"minecraft:cave_vines_plant":2,"minecraft:emerald_ore":16,"cobblemon:chesto_berry":3,"minecraft:tall_grass":1,"minecraft:copper_ore":2,"minecraft:cobblestone":17,"minecraft:deepslate_gold_ore":3,"minecraft:moss_block":2,"cobblemon:oran_berry":4,"supplementaries:urn":2,"minecraft:birch_log":7,"minecraft:iron_ore":42,"minecraft:coal_ore":5,"minecraft:cave_vines":7,"minecraft:deepslate_iron_ore":2,"minecraft:azalea":1,"minecraft:stone":32,"minecraft:deepslate":8},"minecraft:killed_by":{"minecraft:skeleton":1}},"DataVersion":3465}