{"stats":{"minecraft:mined":{"megamons:anistarite_rough_geode_block":2,"minecraft:deepslate_redstone_ore":15,"create:deepslate_zinc_ore":32,"minecraft:tuff":4,"megamons:anistarite_geode_block":8,"minecraft:deepslate_diamond_ore":5,"mythicmetals:deepslate_morkite_ore":3,"minecraft:clay":1,"minecraft:cave_vines_plant":2,"minecraft:torch":2,"minecraft:emerald_ore":16,"mythicmetals:deepslate_adamantite_ore":2,"cobblemon:chesto_berry":3,"minecraft:copper_ore":2,"minecraft:tall_grass":1,"minecraft:cobblestone":17,"minecraft:deepslate_gold_ore":3,"minecraft:moss_block":2,"cobblemon:oran_berry":4,"minecraft:wall_torch":2,"supplementaries:urn":5,"minecraft:birch_log":7,"minecraft:iron_ore":42,"minecraft:oak_log":10,"minecraft:coal_ore":5,"minecraft:cave_vines":7,"minecraft:deepslate_iron_ore":4,"minecraft:azalea":1,"minecraft:stone":32,"minecraft:deepslate":13},"minecraft:dropped":{"ubesdelight:ginger":3,"minecraft:compass":1,"minecraft:moss_block":2,"minecraft:birch_planks":1,"minecraft:cobbled_deepslate":9,"minecraft:bowl":7,"farmersdelight:fruit_salad":2,"minecraft:feather":2,"minecraft:cobblestone":50,"cobblemon:chesto_berry":17,"megamons:anistarite_geode_block":8,"patchouli:guide_book":2,"supplementaries:flax_seeds":2,"megamons:anistarite_rough_geode_block":2,"supplementaries:ash":6,"minecraft:bundle":1,"minecraft:mutton":1,"minecraft:azalea":1,"mythicmetals:raw_adamantite":4,"farmersdelight:rich_soil_farmland":3,"minecraft:wooden_pickaxe":1,"minecraft:iron_pickaxe":2,"ftbquests:book":1,"minecraft:white_wool":1,"ubesdelight:lemongrass_seeds":1,"naturalist:duck":2},"minecraft:killed":{"cobblemon:pokemon":1,"naturalist:duck":1,"minecraft:skeleton":1,"minecraft:zombie":3,"minecraft:cow":5},"minecraft:custom":{"minecraft:interact_with_furnace":10,"lootr:looted_stat":3,"minecraft:mob_kills":11,"minecraft:interact_with_crafting_table":10,"minecraft:leave_game":2,"minecraft:time_since_death":10175,"minecraft:climb_one_cm":9072,"minecraft:time_since_rest":10203,"minecraft:damage_taken":1080,"minecraft:sprint_one_cm":296774,"minecraft:walk_one_cm":181610,"minecraft:drop":36,"minecraft:damage_dealt":1440,"minecraft:swim_one_cm":23341,"minecraft:talked_to_villager":4,"minecraft:fly_one_cm":153132,"minecraft:open_chest":3,"minecraft:crouch_one_cm":1547,"minecraft:play_time":60969,"minecraft:deaths":3,"minecraft:sneak_time":300,"minecraft:walk_under_water_one_cm":7203,"minecraft:jump":759,"minecraft:walk_on_water_one_cm":13104,"minecraft:total_world_time":60969,"minecraft:fall_one_cm":25688},"minecraft:crafted":{"minecraft:oak_planks":40,"minecraft:crafting_table":3,"minecraft:wooden_pickaxe":1,"minecraft:iron_sword":1,"minecraft:furnace":2,"minecraft:birch_planks":28,"minecraft:diamond_pickaxe":1,"minecraft:stick":32,"minecraft:iron_ingot":18,"minecraft:iron_pickaxe":1,"minecraft:stone_pickaxe":1,"minecraft:torch":84},"minecraft:picked_up":{"minecraft:birch_log":7,"minecraft:feather":2,"minecraft:leather":6,"minecraft:oak_log":10,"create:raw_zinc":32,"supplementaries:flax_seeds":2,"megamons:anistarite_geode_block":8,"minecraft:moss_carpet":2,"minecraft:raw_copper":7,"mythicmetals:raw_adamantite":6,"minecraft:cobbled_deepslate":12,"minecraft:raw_gold":3,"minecraft:beef":10,"farmersdelight:fruit_salad":2,"cobblemon:oran_berry":38,"minecraft:azalea":1,"minecraft:iron_nugget":29,"simplehats:hatbag_uncommon":1,"minecraft:iron_pickaxe":2,"minecraft:moss_block":2,"minecraft:egg":2,"simplehats:questbook":1,"minecraft:raw_iron":46,"naturalist:duck":2,"simplehats:hatbag_common":1,"patchouli:guide_book":1,"minecraft:torch":5,"minecraft:bowl":3,"simplehats:bigeyes":1,"mythicmetals:morkite":6,"minecraft:redstone":66,"megamons:anistarite_rough_geode_block":2,"minecraft:bundle":1,"minecraft:diamond":5,"supplementaries:antique_ink":2,"minecraft:emerald":16,"cobblemon:blue_apricorn":8,"supplementaries:ash":6,"cobblemon:chesto_berry":34,"minecraft:glow_berries":6,"minecraft:mutton":1,"minecraft:coal":5,"minecraft:white_wool":1,"minecraft:cobblestone":99},"minecraft:killed_by":{"minecraft:skeleton":3},"minecraft:used":{"minecraft:moss_carpet":2,"ubesdelight:ube":1,"minecraft:bundle":1,"minecraft:stone_pickaxe":56,"minecraft:wooden_pickaxe":3,"minecraft:iron_sword":31,"minecraft:diamond_axe":10,"minecraft:torch":15,"minecraft:glow_berries":6,"minecraft:crafting_table":3,"minecraft:diamond_pickaxe":2,"minecraft:apple":8,"minecraft:bread":2,"minecraft:iron_pickaxe":151,"minecraft:cobblestone":8,"minecraft:furnace":2,"minecraft:egg":2,"farmersdelight:fruit_salad":4,"minecraft:cobbled_deepslate":3}},"DataVersion":3465}