{"stats":{"minecraft:picked_up":{"minecraft:birch_log":7,"naturalist:duck":1,"minecraft:feather":1,"minecraft:raw_copper":7,"minecraft:mutton":1,"minecraft:coal":4,"minecraft:white_wool":1,"minecraft:cobblestone":32,"minecraft:egg":1},"minecraft:crafted":{"minecraft:crafting_table":1,"minecraft:stick":28,"minecraft:wooden_pickaxe":1,"minecraft:stone_pickaxe":1,"minecraft:birch_planks":28},"minecraft:killed":{"cobblemon:pokemon":1,"naturalist:duck":1},"minecraft:used":{"minecraft:stone_pickaxe":35,"minecraft:wooden_pickaxe":3,"minecraft:crafting_table":1,"minecraft:egg":1,"farmersdelight:fruit_salad":2},"minecraft:dropped":{"minecraft:wooden_pickaxe":1},"minecraft:mined":{"minecraft:birch_log":7,"minecraft:coal_ore":4,"minecraft:copper_ore":2,"minecraft:stone":32},"minecraft:custom":{"minecraft:time_since_rest":12812,"minecraft:sprint_one_cm":93322,"lootr:looted_stat":1,"minecraft:damage_taken":70,"minecraft:walk_one_cm":39688,"minecraft:mob_kills":2,"minecraft:drop":1,"minecraft:damage_dealt":140,"minecraft:talked_to_villager":4,"minecraft:swim_one_cm":1974,"minecraft:interact_with_crafting_table":3,"minecraft:fly_one_cm":64359,"minecraft:open_chest":3,"minecraft:crouch_one_cm":84,"minecraft:play_time":12812,"minecraft:sneak_time":17,"minecraft:walk_under_water_one_cm":1429,"minecraft:jump":246,"minecraft:leave_game":1,"minecraft:walk_on_water_one_cm":2284,"minecraft:time_since_death":12812,"minecraft:total_world_time":12812,"minecraft:fall_one_cm":9762}},"DataVersion":3465}