{
  "uuid": "3c2f9751-62c1-34d8-81d0-4a4452510991",
  "starterPrompted": true,
  "starterLocked": false,
  "starterSelected": true,
  "starterUUID": "83b36967-bda0-4b5e-9e85-b0459f11092d",
  "keyItems": [],
  "battleTheme": "cobblemon:battle.pvp.default",
  "extraData": {
    "cobbledex_discovery": {
      "registers": {
        "piplup": {
          "normal": {
            "isShiny": false,
            "status": "CAUGHT",
            "discoveredTimestamp": 1728257240687,
            "caughtTimestamp": 1728257240687
          }
        },
        "prinplup": {
          "normal": {
            "isShiny": false,
            "status": "CAUGHT",
            "discoveredTimestamp": 1728329950293,
            "caughtTimestamp": 1728329950293
          }
        },
        "machop": {
          "normal": {
            "isShiny": false,
            "status": "CAUGHT",
            "discoveredTimestamp": 1728330089086,
            "caughtTimestamp": 1728330089086
          }
        },
        "skiddo": {
          "normal": {
            "isShiny": false,
            "status": "CAUGHT",
            "discoveredTimestamp": 1728330780692,
            "caughtTimestamp": 1728330780692
          }
        },
        "zorua": {
          "normal": {
            "isShiny": false,
            "status": "CAUGHT",
            "discoveredTimestamp": 1728331060443,
            "caughtTimestamp": 1728331060443
          }
        },
        "shinx": {
          "normal": {
            "isShiny": false,
            "status": "CAUGHT",
            "discoveredTimestamp": 1728334794068,
            "caughtTimestamp": 1728334794068
          }
        },
        "wingull": {
          "normal": {
            "isShiny": false,
            "status": "CAUGHT",
            "discoveredTimestamp": 1728336222638,
            "caughtTimestamp": 1728336222638
          }
        },
        "pelipper": {
          "normal": {
            "isShiny": false,
            "status": "CAUGHT",
            "discoveredTimestamp": 1728336238036,
            "caughtTimestamp": 1728336238036
          }
        },
        "empoleon": {
          "normal": {
            "isShiny": false,
            "status": "CAUGHT",
            "discoveredTimestamp": 1728336349542,
            "caughtTimestamp": 1728336349542
          }
        },
        "luxio": {
          "normal": {
            "isShiny": false,
            "status": "CAUGHT",
            "discoveredTimestamp": 1728336414766,
            "caughtTimestamp": 1728336414766
          }
        },
        "luxray": {
          "normal": {
            "isShiny": false,
            "status": "CAUGHT",
            "discoveredTimestamp": 1728337248574,
            "caughtTimestamp": 1728337248574
          }
        }
      },
      "name": "cobbledex_discovery"
    },
    "Cobbledex_RewardHistory": {
      "received": [],
      "name": "Cobbledex_RewardHistory"
    }
  },
  "advancementData": {
    "totalCaptureCount": 5,
    "totalEggsHatched": 0,
    "totalEvolvedCount": 5,
    "totalBattleVictoryCount": 75,
    "totalPvPBattleVictoryCount": 0,
    "totalPvWBattleVictoryCount": 75,
    "totalPvNBattleVictoryCount": 0,
    "totalShinyCaptureCount": 0,
    "totalTradedCount": 0,
    "totalTypeCaptureCounts": {
      "fighting": 1,
      "grass": 1,
      "dark": 1,
      "electric": 1,
      "water": 1,
      "flying": 1
    },
    "totalDefeatedCounts": {
      "cobblemon:lechonk": 4,
      "cobblemon:taillow": 4,
      "cobblemon:kakuna": 1,
      "cobblemon:caterpie": 1,
      "cobblemon:combee": 4,
      "cobblemon:bunnelby": 2,
      "cobblemon:wooloo": 8,
      "cobblemon:buneary": 2,
      "cobblemon:magikarp": 2,
      "cobblemon:teddiursa": 1,
      "cobblemon:pawniard": 1,
      "cobblemon:pidove": 1,
      "cobblemon:rookidee": 4,
      "cobblemon:fletchling": 1,
      "cobblemon:spearow": 2,
      "cobblemon:growlithe": 2,
      "cobblemon:litleo": 2,
      "cobblemon:nymble": 1,
      "cobblemon:pidgeotto": 2,
      "cobblemon:geodude": 8,
      "cobblemon:sentret": 4,
      "cobblemon:bisharp": 1,
      "cobblemon:patrat": 1,
      "cobblemon:ponyta": 1,
      "cobblemon:doduo": 1,
      "cobblemon:dodrio": 1,
      "cobblemon:tranquill": 1,
      "cobblemon:bidoof": 1,
      "cobblemon:pidgey": 1,
      "cobblemon:ninjask": 1,
      "cobblemon:starly": 1,
      "cobblemon:shellder": 1,
      "cobblemon:lopunny": 1,
      "cobblemon:gloom": 1
    },
    "aspectsCollected": {}
  }
}