{
  "uuid": "a821d64f-c193-3cc5-a0ef-850ce20c69a8",
  "starterPrompted": true,
  "starterLocked": false,
  "starterSelected": true,
  "starterUUID": "5a68cee2-bb42-4889-b533-ab7ee93356dd",
  "keyItems": [],
  "battleTheme": "cobblemon:battle.pvp.default",
  "extraData": {
    "cobbledex_discovery": {
      "registers": {
        "turtwig": {
          "normal": {
            "isShiny": false,
            "status": "CAUGHT",
            "discoveredTimestamp": 1728254653463,
            "caughtTimestamp": 1728254653463
          }
        },
        "starly": {
          "normal": {
            "isShiny": false,
            "status": "CAUGHT",
            "discoveredTimestamp": 1728258453074,
            "caughtTimestamp": 1728258453074
          }
        },
        "staravia": {
          "normal": {
            "isShiny": false,
            "status": "CAUGHT",
            "discoveredTimestamp": 1728258505931,
            "caughtTimestamp": 1728258505931
          }
        },
        "zigzagoon": {
          "normal": {
            "isShiny": false,
            "status": "CAUGHT",
            "discoveredTimestamp": 1728258760694,
            "caughtTimestamp": 1728258760694
          }
        },
        "combee": {
          "normal": {
            "isShiny": false,
            "status": "CAUGHT",
            "discoveredTimestamp": 1728259659117,
            "caughtTimestamp": 1728259659117
          }
        }
      },
      "name": "cobbledex_discovery"
    },
    "Cobbledex_RewardHistory": {
      "received": [],
      "name": "Cobbledex_RewardHistory"
    }
  },
  "advancementData": {
    "totalCaptureCount": 3,
    "totalEggsHatched": 0,
    "totalEvolvedCount": 1,
    "totalBattleVictoryCount": 8,
    "totalPvPBattleVictoryCount": 0,
    "totalPvWBattleVictoryCount": 8,
    "totalPvNBattleVictoryCount": 0,
    "totalShinyCaptureCount": 0,
    "totalTradedCount": 0,
    "totalTypeCaptureCounts": {
      "normal": 2,
      "flying": 2,
      "bug": 1
    },
    "totalDefeatedCounts": {
      "cobblemon:wooloo": 1,
      "cobblemon:geodude": 3,
      "cobblemon:magikarp": 1,
      "cobblemon:zigzagoon": 1
    },
    "aspectsCollected": {}
  }
}