{
  "uuid": "a89e569f-cf4b-34ec-9d88-80b203cec7fd",
  "starterPrompted": true,
  "starterLocked": false,
  "starterSelected": true,
  "starterUUID": "bd46d4bc-afdb-4bee-8f62-4d0cb2c0c05a",
  "keyItems": [],
  "battleTheme": "cobblemon:battle.pvp.default",
  "extraData": {
    "cobbledex_discovery": {
      "registers": {
        "froakie": {
          "normal": {
            "isShiny": false,
            "status": "CAUGHT",
            "discoveredTimestamp": 1728178738564,
            "caughtTimestamp": 1728178738564
          }
        },
        "taillow": {
          "normal": {
            "isShiny": false,
            "status": "CAUGHT",
            "discoveredTimestamp": 1728236706037,
            "caughtTimestamp": 1728236706037
          }
        },
        "frogadier": {
          "normal": {
            "isShiny": false,
            "status": "CAUGHT",
            "discoveredTimestamp": 1728259759260,
            "caughtTimestamp": 1728259759260
          }
        },
        "corvisquire": {
          "normal": {
            "isShiny": false,
            "status": "CAUGHT",
            "discoveredTimestamp": 1728260058875,
            "caughtTimestamp": 1728260058875
          }
        },
        "pidgeotto": {
          "normal": {
            "isShiny": false,
            "status": "CAUGHT",
            "discoveredTimestamp": 1728261177128,
            "caughtTimestamp": 1728261177128
          }
        },
        "shroomish": {
          "normal": {
            "isShiny": false,
            "status": "CAUGHT",
            "discoveredTimestamp": 1728262554123,
            "caughtTimestamp": 1728262554123
          }
        },
        "vivillon": {
          "normal": {
            "isShiny": false,
            "status": "CAUGHT",
            "discoveredTimestamp": 1728339508853,
            "caughtTimestamp": 1728339508853
          }
        }
      },
      "name": "cobbledex_discovery"
    },
    "Cobbledex_RewardHistory": {
      "received": [],
      "name": "Cobbledex_RewardHistory"
    }
  },
  "advancementData": {
    "totalCaptureCount": 5,
    "totalEggsHatched": 0,
    "totalEvolvedCount": 1,
    "totalBattleVictoryCount": 10,
    "totalPvPBattleVictoryCount": 0,
    "totalPvWBattleVictoryCount": 10,
    "totalPvNBattleVictoryCount": 0,
    "totalShinyCaptureCount": 0,
    "totalTradedCount": 0,
    "totalTypeCaptureCounts": {
      "normal": 2,
      "flying": 4,
      "grass": 1,
      "bug": 1
    },
    "totalDefeatedCounts": {
      "cobblemon:slowpoke": 1,
      "cobblemon:patrat": 1,
      "cobblemon:lechonk": 1,
      "cobblemon:starly": 1,
      "cobblemon:fletchling": 1,
      "cobblemon:combee": 1
    },
    "aspectsCollected": {
      "cobblemon:vivillon": [
        "vivillon-wings-garden"
      ]
    }
  }
}