{
  "minecraft:recipes/decorations/crafting_table": {
    "criteria": {
      "unlock_right_away": "2024-10-02 21:05:05 +0000"
    },
    "done": true
  },
  "mcwfences:recipes/jungle": {
    "criteria": {
      "has_jungle": "2024-10-02 21:05:05 +0000"
    },
    "done": true
  },
  "mcwfences:recipes/warped": {
    "criteria": {
      "has_warped": "2024-10-02 21:05:05 +0000"
    },
    "done": true
  },
  "betterdungeons:root": {
    "criteria": {
      "always": "2024-10-02 21:05:05 +0000"
    },
    "done": true
  },
  "mcwfences:recipes/birch": {
    "criteria": {
      "has_birch": "2024-10-02 21:05:05 +0000"
    },
    "done": true
  },
  "mcwfences:recipes/stone": {
    "criteria": {
      "has_stone": "2024-10-02 21:05:05 +0000"
    },
    "done": true
  },
  "mcwfences:recipes/hedge": {
    "criteria": {
      "has_birch": "2024-10-02 21:05:05 +0000"
    },
    "done": true
  },
  "herbalbrews:main/root": {
    "criteria": {
      "seeds": "2024-10-02 21:05:05 +0000"
    },
    "done": true
  },
  "toms_storage:unlock_glowstone": {
    "criteria": {
      "inv_changed-glowstone": "2024-10-02 21:05:05 +0000"
    },
    "done": true
  },
  "mcwfences:recipes/prismarine": {
    "criteria": {
      "has_qq": "2024-10-02 21:05:05 +0000"
    },
    "done": true
  },
  "beautify:progression/root": {
    "criteria": {
      "Install": "2024-10-02 21:05:05 +0000"
    },
    "done": true
  },
  "mcwfences:recipes/mangrove": {
    "criteria": {
      "has_mangrove": "2024-10-02 21:05:05 +0000"
    },
    "done": true
  },
  "xercamusic:achievements/root": {
    "criteria": {
      "crafting_table": "2024-10-02 21:05:05 +0000"
    },
    "done": true
  },
  "mcwfences:recipes/deepslate": {
    "criteria": {
      "has_deepslate": "2024-10-02 21:05:05 +0000"
    },
    "done": true
  },
  "farmersdelight:main/root": {
    "criteria": {
      "seeds": "2024-10-02 21:05:05 +0000"
    },
    "done": true
  },
  "mcwfences:recipes/dark_oak": {
    "criteria": {
      "has_dark_oak": "2024-10-02 21:05:05 +0000"
    },
    "done": true
  },
  "mcwfences:recipes/crimson": {
    "criteria": {
      "has_crimson": "2024-10-02 21:05:05 +0000"
    },
    "done": true
  },
  "create:root": {
    "criteria": {
      "0": "2024-10-02 21:05:05 +0000"
    },
    "done": true
  },
  "simplyswords:grant_book_on_first_join": {
    "criteria": {
      "tick": "2024-10-02 21:05:05 +0000"
    },
    "done": true
  },
  "naturalist:recipes/food/cooked_egg": {
    "criteria": {
      "has_eggs": "2024-10-02 21:05:05 +0000"
    },
    "done": true
  },
  "toms_storage:unlock_netherite": {
    "criteria": {
      "inv_changed-netherite": "2024-10-02 21:05:05 +0000"
    },
    "done": true
  },
  "toms_storage:unlock_chest": {
    "criteria": {
      "inv_changed-chest": "2024-10-02 21:05:05 +0000"
    },
    "done": true
  },
  "mcwfences:recipes/sandstone": {
    "criteria": {
      "has_sand": "2024-10-02 21:05:05 +0000"
    },
    "done": true
  },
  "ubesdelight:main/root": {
    "criteria": {
      "ud_root": "2024-10-02 21:05:05 +0000"
    },
    "done": true
  },
  "mcwfences:recipes/acacia": {
    "criteria": {
      "has_acacia": "2024-10-02 21:05:05 +0000"
    },
    "done": true
  },
  "mcwfences:recipes/oak": {
    "criteria": {
      "has_oak": "2024-10-02 21:05:05 +0000"
    },
    "done": true
  },
  "vinery:main/root": {
    "criteria": {
      "seeds": "2024-10-02 21:05:05 +0000"
    },
    "done": true
  },
  "toms_storage:unlock_dia_pearl": {
    "criteria": {
      "inv_changed-ender_pearl": "2024-10-02 21:05:05 +0000",
      "inv_changed-diamond": "2024-10-02 21:05:05 +0000"
    },
    "done": true
  },
  "mcwfences:recipes/quartz": {
    "criteria": {
      "has_qq": "2024-10-02 21:05:05 +0000"
    },
    "done": true
  },
  "mcwfences:recipes/nether": {
    "criteria": {
      "has_nether_brick": "2024-10-02 21:05:05 +0000"
    },
    "done": true
  },
  "incendium:technical/new_player": {
    "criteria": {
      "requirement": "2024-10-02 21:05:05 +0000"
    },
    "done": true
  },
  "mcwfences:recipes/bamboo": {
    "criteria": {
      "has_bamboo": "2024-10-02 21:05:05 +0000"
    },
    "done": true
  },
  "bbb:recipes/bamboo_wall": {
    "criteria": {
      "has_logs": "2024-10-02 21:05:05 +0000"
    },
    "done": true
  },
  "mcwfences:recipes/spruce": {
    "criteria": {
      "has_spruce": "2024-10-02 21:05:05 +0000"
    },
    "done": true
  },
  "bakery:main/root": {
    "criteria": {
      "seeds": "2024-10-02 21:05:05 +0000"
    },
    "done": true
  },
  "bbb:recipes/bamboo_beam": {
    "criteria": {
      "has_log": "2024-10-02 21:05:05 +0000"
    },
    "done": true
  },
  "mcwfences:recipes/end": {
    "criteria": {
      "has_end_brick": "2024-10-02 21:05:05 +0000"
    },
    "done": true
  },
  "mcwfences:recipes/mud_brick": {
    "criteria": {
      "has_qq": "2024-10-02 21:05:05 +0000"
    },
    "done": true
  },
  "lootr:root": {
    "criteria": {
      "always_true": "2024-10-02 21:05:05 +0000"
    },
    "done": true
  },
  "mcwfences:recipes/blackstone": {
    "criteria": {
      "has_blackstone": "2024-10-02 21:05:05 +0000"
    },
    "done": true
  },
  "candlelight:main/root": {
    "criteria": {
      "seeds": "2024-10-02 21:05:05 +0000"
    },
    "done": true
  },
  "minecraft:recipes/misc/map": {
    "criteria": {
      "has_compass": "2024-10-02 21:05:06 +0000"
    },
    "done": true
  },
  "things:root": {
    "criteria": {
      "tick": "2024-10-02 21:05:06 +0000"
    },
    "done": true
  },
  "brewery:main/root": {
    "criteria": {
      "seeds": "2024-10-02 21:05:06 +0000"
    },
    "done": true
  },
  "betterend:root": {
    "criteria": {
      "welcome": "2024-10-02 21:05:08 +0000"
    },
    "done": true
  },
  "minecraft:adventure/adventuring_time": {
    "criteria": {
      "minecraft:taiga": "2024-10-03 18:58:02 +0000",
      "minecraft:river": "2024-10-03 18:59:18 +0000",
      "minecraft:dripstone_caves": "2024-10-03 18:50:27 +0000",
      "minecraft:swamp": "2024-10-02 21:05:08 +0000",
      "minecraft:lush_caves": "2024-10-03 18:58:55 +0000"
    },
    "done": false
  },
  "incendium:technical/using/ragnarok": {
    "criteria": {
      "log_spam_fixer": "2024-10-02 21:05:08 +0000"
    },
    "done": false
  },
  "incendium:technical/using/shield": {
    "criteria": {
      "log_spam_fixer": "2024-10-02 21:05:08 +0000"
    },
    "done": false
  },
  "incendium:technical/scroll_of_returning": {
    "criteria": {
      "log_spam_fixer": "2024-10-02 21:05:08 +0000"
    },
    "done": false
  },
  "incendium:technical/using/trailblazer": {
    "criteria": {
      "log_spam_fixer": "2024-10-02 21:05:08 +0000"
    },
    "done": false
  },
  "mcwroofs:recipes/mangrove": {
    "criteria": {
      "has_planks": "2024-10-02 21:05:42 +0000"
    },
    "done": true
  },
  "mcwtrpdoors:recipes/mangrove/mangrove_barrel_trapdoor": {
    "criteria": {
      "has_logs": "2024-10-02 21:05:42 +0000"
    },
    "done": true
  },
  "mcwtrpdoors:recipes/mangrove/mangrove_cottage_trapdoor": {
    "criteria": {
      "has_logs": "2024-10-02 21:05:42 +0000"
    },
    "done": true
  },
  "mcwtrpdoors:recipes/mangrove/mangrove_paper_trapdoor": {
    "criteria": {
      "has_logs": "2024-10-02 21:05:42 +0000"
    },
    "done": true
  },
  "mcwwindows:recipes/mangrove": {
    "criteria": {
      "has_wood": "2024-10-02 21:05:42 +0000"
    },
    "done": true
  },
  "mcwtrpdoors:recipes/mangrove/mangrove_classic_trapdoor": {
    "criteria": {
      "has_logs": "2024-10-02 21:05:42 +0000"
    },
    "done": true
  },
  "bbb:recipes/mangrove_pallet": {
    "criteria": {
      "has_planks": "2024-10-02 21:05:42 +0000"
    },
    "done": true
  },
  "minecraft:recipes/building_blocks/mangrove_planks": {
    "criteria": {
      "has_logs": "2024-10-02 21:05:42 +0000"
    },
    "done": true
  },
  "bbb:recipes/mangrove_frame": {
    "criteria": {
      "has_planks": "2024-10-02 21:05:42 +0000"
    },
    "done": true
  },
  "minecraft:recipes/misc/charcoal": {
    "criteria": {
      "has_log": "2024-10-02 21:05:42 +0000"
    },
    "done": true
  },
  "mcwtrpdoors:recipes/mangrove/mangrove_barn_trapdoor": {
    "criteria": {
      "has_logs": "2024-10-02 21:05:42 +0000"
    },
    "done": true
  },
  "mcwbridges:recipes/mangrove_bridge_pier": {
    "criteria": {
      "has_planks": "2024-10-02 21:05:42 +0000"
    },
    "done": true
  },
  "mcwtrpdoors:recipes/mangrove/mangrove_glass_trapdoor": {
    "criteria": {
      "has_logs": "2024-10-02 21:05:42 +0000"
    },
    "done": true
  },
  "mcwtrpdoors:recipes/mangrove/mangrove_tropical_trapdoor": {
    "criteria": {
      "has_logs": "2024-10-02 21:05:42 +0000"
    },
    "done": true
  },
  "bbb:recipes/mangrove_beam": {
    "criteria": {
      "has_log": "2024-10-02 21:05:42 +0000"
    },
    "done": true
  },
  "mcwfurnitures:recipes/mangrove": {
    "criteria": {
      "has_wood": "2024-10-02 21:05:42 +0000"
    },
    "done": true
  },
  "minecraft:recipes/building_blocks/mangrove_wood": {
    "criteria": {
      "has_log": "2024-10-02 21:05:42 +0000"
    },
    "done": true
  },
  "bbb:recipes/mangrove_wall": {
    "criteria": {
      "has_logs": "2024-10-02 21:05:42 +0000"
    },
    "done": true
  },
  "naturescompass:natures_compass_sapling": {
    "criteria": {
      "has_recipe": "2024-10-02 21:05:42 +0000"
    },
    "done": true
  },
  "mcwtrpdoors:recipes/mangrove/mangrove_mystic_trapdoor": {
    "criteria": {
      "has_logs": "2024-10-02 21:05:42 +0000"
    },
    "done": true
  },
  "mcwtrpdoors:recipes/mangrove/mangrove_four_panel_trapdoor": {
    "criteria": {
      "has_logs": "2024-10-02 21:05:42 +0000"
    },
    "done": true
  },
  "mcwtrpdoors:recipes/mangrove/mangrove_beach_trapdoor": {
    "criteria": {
      "has_logs": "2024-10-02 21:05:42 +0000"
    },
    "done": true
  },
  "naturescompass:natures_compass_log": {
    "criteria": {
      "has_log": "2024-10-02 21:05:42 +0000"
    },
    "done": true
  },
  "mcwtrpdoors:recipes/mangrove/mangrove_barred_trapdoor": {
    "criteria": {
      "has_logs": "2024-10-02 21:05:42 +0000"
    },
    "done": true
  },
  "mcwdoors:recipes/mangrove": {
    "criteria": {
      "has_wood": "2024-10-02 21:05:42 +0000"
    },
    "done": true
  },
  "mcwtrpdoors:recipes/print_swamp": {
    "criteria": {
      "has_logs": "2024-10-02 21:05:42 +0000"
    },
    "done": true
  },
  "minecraft:recipes/building_blocks/muddy_mangrove_roots": {
    "criteria": {
      "has_mangrove_roots": "2024-10-02 21:05:52 +0000"
    },
    "done": true
  },
  "cobblemon:root": {
    "criteria": {
      "picked_starter": "2024-10-02 21:07:08 +0000"
    },
    "done": true
  },
  "cobblepedia:grant_cobblepedia": {
    "criteria": {
      "picked_starter": "2024-10-02 21:07:08 +0000"
    },
    "done": true
  },
  "megamons:grant_megamons_guide": {
    "criteria": {
      "tick": "2024-10-02 21:07:08 +0000"
    },
    "done": true
  },
  "cobblemon:recipes/balls/premier_ball": {
    "criteria": {
      "has_white_apricorn": "2024-10-02 21:07:13 +0000"
    },
    "done": true
  },
  "cobblemon:recipes/balls/heal_ball": {
    "criteria": {
      "has_white_apricorn": "2024-10-02 21:07:13 +0000"
    },
    "done": false
  },
  "cobblemon:recipes/balls/moon_ball": {
    "criteria": {
      "has_white_apricorn": "2024-10-02 21:07:13 +0000"
    },
    "done": false
  },
  "cobblemon:recipes/balls/sport_ball": {
    "criteria": {
      "has_white_apricorn": "2024-10-02 21:07:13 +0000"
    },
    "done": false
  },
  "cobblemon:recipes/balls/timer_ball": {
    "criteria": {
      "has_white_apricorn": "2024-10-02 21:07:13 +0000"
    },
    "done": false
  },
  "cobblemon:harvest_apricorn": {
    "criteria": {
      "check_inv": "2024-10-02 21:07:13 +0000"
    },
    "done": true
  },
  "cobblemon:recipes/agriculture/white_apricorn_smelt_to_dye": {
    "criteria": {
      "has_apricorn": "2024-10-02 21:07:13 +0000"
    },
    "done": true
  },
  "cobblepedia:recipes/cobblepedia": {
    "criteria": {
      "has_apricorn": "2024-10-02 21:07:13 +0000"
    },
    "done": true
  },
  "cobblemon:recipes/balls/love_ball": {
    "criteria": {
      "has_white_apricorn": "2024-10-02 21:07:13 +0000"
    },
    "done": false
  },
  "cobblemon:any_plant": {
    "criteria": {
      "check_inv": "2024-10-02 21:07:13 +0000"
    },
    "done": true
  },
  "cobblemon:recipes/balls/safari_ball": {
    "criteria": {
      "has_white_apricorn": "2024-10-02 21:07:13 +0000"
    },
    "done": false
  },
  "cobblemon:recipes/balls/dive_ball": {
    "criteria": {
      "has_white_apricorn": "2024-10-02 21:07:13 +0000"
    },
    "done": false
  },
  "cobblemon:recipes/balls/fast_ball": {
    "criteria": {
      "has_white_apricorn": "2024-10-02 21:07:13 +0000"
    },
    "done": false
  },
  "cobblemon:recipes/balls/net_ball": {
    "criteria": {
      "has_white_apricorn": "2024-10-02 21:07:13 +0000"
    },
    "done": false
  },
  "travelersbackpack:recipes/misc/squid": {
    "criteria": {
      "has_ink_sac": "2024-10-02 21:07:48 +0000"
    },
    "done": true
  },
  "farmersdelight:recipes/cooking/squid_ink_pasta": {
    "criteria": {
      "has_any_ingredient": "2024-10-02 21:07:48 +0000"
    },
    "done": true
  },
  "minecraft:recipes/misc/black_dye": {
    "criteria": {
      "has_ink_sac": "2024-10-02 21:07:48 +0000"
    },
    "done": true
  },
  "smallships:recipes/transportation/bamboo_galley": {
    "criteria": {
      "in_water": "2024-10-02 21:09:22 +0000"
    },
    "done": true
  },
  "smallships:recipes/transportation/acacia_cog": {
    "criteria": {
      "in_water": "2024-10-02 21:09:22 +0000"
    },
    "done": true
  },
  "smallships:recipes/transportation/jungle_brigg": {
    "criteria": {
      "in_water": "2024-10-02 21:09:22 +0000"
    },
    "done": true
  },
  "smallships:recipes/transportation/birch_cog": {
    "criteria": {
      "in_water": "2024-10-02 21:09:22 +0000"
    },
    "done": true
  },
  "smallships:recipes/transportation/bamboo_brigg": {
    "criteria": {
      "in_water": "2024-10-02 21:09:22 +0000"
    },
    "done": true
  },
  "smallships:recipes/transportation/mangrove_galley": {
    "criteria": {
      "in_water": "2024-10-02 21:09:22 +0000"
    },
    "done": true
  },
  "smallships:recipes/transportation/cherry_drakkar": {
    "criteria": {
      "in_water": "2024-10-02 21:09:22 +0000"
    },
    "done": true
  },
  "smallships:recipes/transportation/dark_oak_drakkar": {
    "criteria": {
      "in_water": "2024-10-02 21:09:22 +0000"
    },
    "done": true
  },
  "smallships:recipes/transportation/birch_brigg": {
    "criteria": {
      "in_water": "2024-10-02 21:09:22 +0000"
    },
    "done": true
  },
  "smallships:recipes/transportation/spruce_brigg": {
    "criteria": {
      "in_water": "2024-10-02 21:09:22 +0000"
    },
    "done": true
  },
  "smallships:recipes/transportation/bamboo_drakkar": {
    "criteria": {
      "in_water": "2024-10-02 21:09:22 +0000"
    },
    "done": true
  },
  "minecraft:recipes/transportation/bamboo_raft": {
    "criteria": {
      "in_water": "2024-10-02 21:09:22 +0000"
    },
    "done": true
  },
  "smallships:recipes/transportation/mangrove_brigg": {
    "criteria": {
      "in_water": "2024-10-02 21:09:22 +0000"
    },
    "done": true
  },
  "smallships:recipes/transportation/mangrove_drakkar": {
    "criteria": {
      "in_water": "2024-10-02 21:09:22 +0000"
    },
    "done": true
  },
  "smallships:recipes/misc/sail": {
    "criteria": {
      "in_water": "2024-10-02 21:09:22 +0000"
    },
    "done": true
  },
  "smallships:recipes/transportation/acacia_galley": {
    "criteria": {
      "in_water": "2024-10-02 21:09:22 +0000"
    },
    "done": true
  },
  "smallships:recipes/transportation/jungle_galley": {
    "criteria": {
      "in_water": "2024-10-02 21:09:22 +0000"
    },
    "done": true
  },
  "smallships:recipes/transportation/dark_oak_galley": {
    "criteria": {
      "in_water": "2024-10-02 21:09:22 +0000"
    },
    "done": true
  },
  "cobblemon:recipes/transportation/apricorn_boat": {
    "criteria": {
      "in_water": "2024-10-02 21:09:22 +0000"
    },
    "done": true
  },
  "smallships:recipes/transportation/oak_galley": {
    "criteria": {
      "in_water": "2024-10-02 21:09:22 +0000"
    },
    "done": true
  },
  "minecraft:recipes/transportation/birch_boat": {
    "criteria": {
      "in_water": "2024-10-02 21:09:22 +0000"
    },
    "done": true
  },
  "minecraft:recipes/transportation/oak_boat": {
    "criteria": {
      "in_water": "2024-10-02 21:09:22 +0000"
    },
    "done": true
  },
  "smallships:recipes/transportation/dark_oak_cog": {
    "criteria": {
      "in_water": "2024-10-02 21:09:22 +0000"
    },
    "done": true
  },
  "smallships:recipes/transportation/acacia_drakkar": {
    "criteria": {
      "in_water": "2024-10-02 21:09:22 +0000"
    },
    "done": true
  },
  "smallships:recipes/transportation/cherry_galley": {
    "criteria": {
      "in_water": "2024-10-02 21:09:22 +0000"
    },
    "done": true
  },
  "smallships:recipes/transportation/spruce_cog": {
    "criteria": {
      "in_water": "2024-10-02 21:09:22 +0000"
    },
    "done": true
  },
  "smallships:recipes/transportation/jungle_cog": {
    "criteria": {
      "in_water": "2024-10-02 21:09:22 +0000"
    },
    "done": true
  },
  "minecraft:recipes/transportation/cherry_boat": {
    "criteria": {
      "in_water": "2024-10-02 21:09:22 +0000"
    },
    "done": true
  },
  "smallships:recipes/transportation/oak_drakkar": {
    "criteria": {
      "in_water": "2024-10-02 21:09:22 +0000"
    },
    "done": true
  },
  "smallships:recipes/transportation/spruce_galley": {
    "criteria": {
      "in_water": "2024-10-02 21:09:22 +0000"
    },
    "done": true
  },
  "minecraft:recipes/transportation/acacia_boat": {
    "criteria": {
      "in_water": "2024-10-02 21:09:22 +0000"
    },
    "done": true
  },
  "minecraft:recipes/transportation/jungle_boat": {
    "criteria": {
      "in_water": "2024-10-02 21:09:22 +0000"
    },
    "done": true
  },
  "smallships:recipes/transportation/bamboo_cog": {
    "criteria": {
      "in_water": "2024-10-02 21:09:22 +0000"
    },
    "done": true
  },
  "minecraft:recipes/transportation/spruce_boat": {
    "criteria": {
      "in_water": "2024-10-02 21:09:22 +0000"
    },
    "done": true
  },
  "smallships:recipes/transportation/acacia_brigg": {
    "criteria": {
      "in_water": "2024-10-02 21:09:22 +0000"
    },
    "done": true
  },
  "minecraft:recipes/transportation/mangrove_boat": {
    "criteria": {
      "in_water": "2024-10-02 21:09:22 +0000"
    },
    "done": true
  },
  "smallships:recipes/transportation/jungle_drakkar": {
    "criteria": {
      "in_water": "2024-10-02 21:09:22 +0000"
    },
    "done": true
  },
  "smallships:recipes/transportation/cherry_brigg": {
    "criteria": {
      "in_water": "2024-10-02 21:09:22 +0000"
    },
    "done": true
  },
  "smallships:recipes/transportation/mangrove_cog": {
    "criteria": {
      "in_water": "2024-10-02 21:09:22 +0000"
    },
    "done": true
  },
  "minecraft:recipes/transportation/dark_oak_boat": {
    "criteria": {
      "in_water": "2024-10-02 21:09:22 +0000"
    },
    "done": true
  },
  "smallships:recipes/transportation/dark_oak_brigg": {
    "criteria": {
      "in_water": "2024-10-02 21:09:22 +0000"
    },
    "done": true
  },
  "smallships:recipes/transportation/birch_galley": {
    "criteria": {
      "in_water": "2024-10-02 21:09:22 +0000"
    },
    "done": true
  },
  "smallships:recipes/transportation/spruce_drakkar": {
    "criteria": {
      "in_water": "2024-10-02 21:09:22 +0000"
    },
    "done": true
  },
  "smallships:recipes/transportation/oak_brigg": {
    "criteria": {
      "in_water": "2024-10-02 21:09:22 +0000"
    },
    "done": true
  },
  "smallships:recipes/transportation/oak_cog": {
    "criteria": {
      "in_water": "2024-10-02 21:09:22 +0000"
    },
    "done": true
  },
  "smallships:recipes/transportation/birch_drakkar": {
    "criteria": {
      "in_water": "2024-10-02 21:09:22 +0000"
    },
    "done": true
  },
  "smallships:recipes/transportation/cherry_cog": {
    "criteria": {
      "in_water": "2024-10-02 21:09:22 +0000"
    },
    "done": true
  },
  "minecraft:recipes/decorations/chest": {
    "criteria": {
      "has_lots_of_items": "2024-10-02 21:11:42 +0000"
    },
    "done": true
  },
  "farmersdelight:recipes/food/mixed_salad": {
    "criteria": {
      "has_bowl": "2024-10-02 21:11:42 +0000"
    },
    "done": true
  },
  "minecraft:recipes/food/mushroom_stew": {
    "criteria": {
      "has_bowl": "2024-10-02 21:11:42 +0000"
    },
    "done": true
  },
  "farmersdelight:recipes/food/nether_salad": {
    "criteria": {
      "has_bowl": "2024-10-02 21:11:42 +0000"
    },
    "done": true
  },
  "cobblemon:recipes/consumables/leek_and_potato_stew": {
    "criteria": {
      "has_bowl": "2024-10-02 21:11:42 +0000"
    },
    "done": true
  },
  "spiceoffabric:recipes/food_journal": {
    "criteria": {
      "food_eaten": "2024-10-02 21:11:42 +0000"
    },
    "done": true
  },
  "spiceoffabric:recipes/paper_bag": {
    "criteria": {
      "eat_food": "2024-10-02 21:11:42 +0000"
    },
    "done": true
  },
  "minecraft:husbandry/root": {
    "criteria": {
      "consumed_item": "2024-10-02 21:11:42 +0000"
    },
    "done": true
  },
  "travelersbackpack:recipes/misc/emerald": {
    "criteria": {
      "has_emerald": "2024-10-02 21:11:55 +0000"
    },
    "done": true
  },
  "supplementaries:recipes/speaker_block": {
    "criteria": {
      "has_emerald": "2024-10-02 21:11:55 +0000"
    },
    "done": true
  },
  "magnumtorch:recipes/decorations/emerald_magnum_torch": {
    "criteria": {
      "has_emerald": "2024-10-02 21:11:55 +0000"
    },
    "done": true
  },
  "minecraft:recipes/building_blocks/emerald_block": {
    "criteria": {
      "has_emerald": "2024-10-02 21:11:55 +0000"
    },
    "done": true
  },
  "artifacts:amateur_archaeologist": {
    "criteria": {
      "find_artifact": "2024-10-02 21:11:55 +0000"
    },
    "done": true
  },
  "minecraft:adventure/root": {
    "criteria": {
      "killed_by_something": "2024-10-02 21:16:34 +0000"
    },
    "done": true
  },
  "ubesdelight:recipes/food/farmersdelight/cooking/fish_sauce_bottle_from_water_bucket_from_cooking_pot_extra": {
    "criteria": {
      "has_fishes": "2024-10-03 18:51:38 +0000"
    },
    "done": true
  },
  "ubesdelight:recipes/food/farmersdelight/cooking/bangsilog_from_cooking_pot_extra": {
    "criteria": {
      "has_fishes": "2024-10-03 18:51:38 +0000"
    },
    "done": true
  },
  "naturalist:recipes/food/cooked_bass": {
    "criteria": {
      "has_bass": "2024-10-03 18:51:38 +0000"
    },
    "done": true
  },
  "naturalist:recipes/food/cooked_catfish": {
    "criteria": {
      "has_catfish": "2024-10-03 18:51:39 +0000"
    },
    "done": true
  },
  "betterend:all_elytras": {
    "criteria": {
      "crystalite": "2024-10-03 18:52:16 +0000"
    },
    "done": false
  },
  "lootr:1chest": {
    "criteria": {
      "opened_chest": "2024-10-03 19:00:49 +0000"
    },
    "done": true
  },
  "lootr:social": {
    "criteria": {
      "opened_chest": "2024-10-03 19:00:49 +0000"
    },
    "done": false
  },
  "travelersbackpack:recipes/misc/chicken": {
    "criteria": {
      "has_feather": "2024-10-03 19:00:52 +0000"
    },
    "done": true
  },
  "supplementaries:recipes/feather_block": {
    "criteria": {
      "has_feather": "2024-10-03 19:00:52 +0000"
    },
    "done": true
  },
  "minecraft:recipes/combat/arrow": {
    "criteria": {
      "has_feather": "2024-10-03 19:00:52 +0000"
    },
    "done": true
  },
  "candlelight:recipes/letter_open": {
    "criteria": {
      "has_paper": "2024-10-03 19:00:53 +0000"
    },
    "done": true
  },
  "cobblemon:recipes/held/weakness_policy": {
    "criteria": {
      "has_paper": "2024-10-03 19:00:53 +0000"
    },
    "done": true
  },
  "immersive_paintings:misc/painting": {
    "criteria": {
      "has_item": "2024-10-03 19:00:53 +0000"
    },
    "done": true
  },
  "supplementaries:recipes/notice_board": {
    "criteria": {
      "has_paper": "2024-10-03 19:00:53 +0000"
    },
    "done": true
  },
  "candlelight:recipes/napkin": {
    "criteria": {
      "has_paper": "2024-10-03 19:00:53 +0000"
    },
    "done": true
  },
  "minecraft:recipes/misc/book": {
    "criteria": {
      "has_paper": "2024-10-03 19:00:53 +0000"
    },
    "done": true
  },
  "candlelight:recipes/love_letter_open": {
    "criteria": {
      "has_paper": "2024-10-03 19:00:53 +0000"
    },
    "done": true
  },
  "create:recipes/misc/crafting/schematics/schematic_and_quill": {
    "criteria": {
      "has_item": "2024-10-03 19:00:53 +0000"
    },
    "done": true
  },
  "create:recipes/misc/crafting/materials/sand_paper": {
    "criteria": {
      "has_item": "2024-10-03 19:00:53 +0000"
    },
    "done": true
  },
  "create:recipes/misc/crafting/materials/red_sand_paper": {
    "criteria": {
      "has_item": "2024-10-03 19:00:53 +0000"
    },
    "done": true
  },
  "minecraft:recipes/decorations/cartography_table": {
    "criteria": {
      "has_paper": "2024-10-03 19:00:53 +0000"
    },
    "done": true
  },
  "xercapaint:recipes/item_canvas": {
    "criteria": {
      "has_item": "2024-10-03 19:00:53 +0000"
    },
    "done": true
  },
  "create:recipes/misc/crafting/schematics/empty_schematic": {
    "criteria": {
      "has_item": "2024-10-03 19:00:53 +0000"
    },
    "done": true
  },
  "cobblemon:recipes/held/blunder_policy": {
    "criteria": {
      "has_paper": "2024-10-03 19:00:53 +0000"
    },
    "done": true
  },
  "supplementaries:recipes/candy": {
    "criteria": {
      "has_paper": "2024-10-03 19:00:53 +0000"
    },
    "done": true
  },
  "supplementaries:recipes/present": {
    "criteria": {
      "has_paper": "2024-10-03 19:00:53 +0000"
    },
    "done": true
  },
  "cobblemon:recipes/held/red_card": {
    "criteria": {
      "has_paper": "2024-10-03 19:00:53 +0000"
    },
    "done": true
  },
  "xercamusic:recipes/music_sheet": {
    "criteria": {
      "has_item": "2024-10-03 19:00:53 +0000"
    },
    "done": true
  },
  "cobblemon:recipes/held/spell_tag": {
    "criteria": {
      "has_item": "2024-10-03 19:00:53 +0000"
    },
    "done": true
  },
  "candlelight:recipes/table_sign": {
    "criteria": {
      "has_paper": "2024-10-03 19:00:53 +0000"
    },
    "done": true
  },
  "minecraft:recipes/redstone/redstone_lamp": {
    "criteria": {
      "has_glowstone": "2024-10-03 19:00:57 +0000"
    },
    "done": true
  },
  "mcwlights:recipes/glowstone_slab": {
    "criteria": {
      "has_wood": "2024-10-03 19:00:57 +0000"
    },
    "done": true
  },
  "mcwlights:recipes/lamps_ceilings": {
    "criteria": {
      "has_the_recipe": "2024-10-03 19:00:57 +0000"
    },
    "done": true
  },
  "betterend:recipes/misc/blossom_berry_jelly_potion": {
    "criteria": {
      "has_potion": "2024-10-03 19:00:58 +0000"
    },
    "done": true
  },
  "betterend:recipes/misc/shadow_berry_jelly_potion": {
    "criteria": {
      "has_potion": "2024-10-03 19:00:58 +0000"
    },
    "done": true
  },
  "betterend:recipes/misc/sweet_berry_jelly_potion": {
    "criteria": {
      "has_potion": "2024-10-03 19:00:58 +0000"
    },
    "done": true
  },
  "vinery:recipes/wine_bottle": {
    "criteria": {
      "has_glass_bottle": "2024-10-03 19:01:45 +0000"
    },
    "done": true
  },
  "chimes:recipes/decorations/glass_bells": {
    "criteria": {
      "has_bottle": "2024-10-03 19:01:45 +0000"
    },
    "done": true
  },
  "minecraft:recipes/redstone/dispenser": {
    "criteria": {
      "has_bow": "2024-10-03 19:02:51 +0000"
    },
    "done": true
  },
  "minecraft:adventure/shoot_arrow": {
    "criteria": {
      "shot_arrow": "2024-10-03 19:04:01 +0000"
    },
    "done": true
  },
  "candlelight:recipes/mozzarella_from_water_bucket": {
    "criteria": {
      "has_the_recipe": "2024-10-03 19:04:28 +0000"
    },
    "done": true
  },
  "travelersbackpack:recipes/misc/cow": {
    "criteria": {
      "has_milk_bucket": "2024-10-03 19:04:28 +0000"
    },
    "done": true
  },
  "farmersdelight:recipes/cooking/glow_berry_custard": {
    "criteria": {
      "has_any_ingredient": "2024-10-03 19:04:28 +0000"
    },
    "done": true
  },
  "candlelight:recipes/butter": {
    "criteria": {
      "has_milk_bucket": "2024-10-03 19:04:28 +0000"
    },
    "done": true
  },
  "ubesdelight:recipes/food/farmersdelight/cooking/condensed_milk_bottle_from_milk_bucket_from_cooking_pot": {
    "criteria": {
      "has_milk_bucket": "2024-10-03 19:04:28 +0000"
    },
    "done": true
  },
  "farmersdelight:recipes/cooking/pumpkin_soup": {
    "criteria": {
      "has_any_ingredient": "2024-10-03 19:04:28 +0000"
    },
    "done": true
  },
  "farmersdelight:recipes/cooking/hot_cocoa": {
    "criteria": {
      "has_any_ingredient": "2024-10-03 19:04:28 +0000"
    },
    "done": true
  },
  "candlelight:recipes/chocolate": {
    "criteria": {
      "has_milk_bucket": "2024-10-03 19:04:28 +0000"
    },
    "done": true
  },
  "supplementaries:recipes/pancake_fd": {
    "criteria": {
      "forge:milk": "2024-10-03 19:04:28 +0000"
    },
    "done": true
  },
  "candlelight:recipes/mozzarella_from_milk_bucket": {
    "criteria": {
      "has_milk_bucket": "2024-10-03 19:04:28 +0000"
    },
    "done": true
  },
  "farmersdelight:recipes/food/milk_bottle": {
    "criteria": {
      "has_milk_bucket": "2024-10-03 19:04:28 +0000"
    },
    "done": true
  },
  "candlelight:recipes/mozzarella": {
    "criteria": {
      "has_the_recipe": "2024-10-03 19:04:28 +0000"
    },
    "done": true
  },
  "minecraft:adventure/avoid_vibration": {
    "criteria": {
      "avoid_vibration": "2024-10-03 19:05:03 +0000"
    },
    "done": true
  },
  "minecraft:recipes/misc/mojang_banner_pattern": {
    "criteria": {
      "has_enchanted_golden_apple": "2024-10-03 19:05:32 +0000"
    },
    "done": true
  },
  "minecraft:husbandry/balanced_diet": {
    "criteria": {
      "enchanted_golden_apple": "2024-10-03 19:05:36 +0000"
    },
    "done": false
  },
  "trashcans:recipes/misc/liquid_trash_can": {
    "criteria": {
      "recipe_condition": "2024-10-03 19:05:52 +0000"
    },
    "done": true
  },
  "immersive_paintings:misc/graffiti": {
    "criteria": {
      "has_item": "2024-10-03 19:05:52 +0000"
    },
    "done": true
  },
  "beautify:rope": {
    "criteria": {
      "requirement": "2024-10-03 19:09:24 +0000"
    },
    "done": true
  },
  "bbb:recipes/rope": {
    "criteria": {
      "has_string": "2024-10-03 19:09:24 +0000"
    },
    "done": true
  },
  "minecraft:recipes/combat/bow": {
    "criteria": {
      "has_string": "2024-10-03 19:09:24 +0000"
    },
    "done": true
  },
  "supplementaries:recipes/bomb": {
    "criteria": {
      "has_string": "2024-10-03 19:09:24 +0000"
    },
    "done": true
  },
  "supplementaries:recipes/sack": {
    "criteria": {
      "has_string": "2024-10-03 19:09:24 +0000"
    },
    "done": true
  },
  "minecraft:recipes/tools/fishing_rod": {
    "criteria": {
      "has_string": "2024-10-03 19:09:24 +0000"
    },
    "done": true
  },
  "travelersbackpack:recipes/misc/spider": {
    "criteria": {
      "has_string": "2024-10-03 19:09:24 +0000"
    },
    "done": true
  },
  "minecraft:recipes/building_blocks/white_wool_from_string": {
    "criteria": {
      "has_string": "2024-10-03 19:09:24 +0000"
    },
    "done": true
  },
  "minecraft:recipes/decorations/loom": {
    "criteria": {
      "has_string": "2024-10-03 19:09:24 +0000"
    },
    "done": true
  },
  "minecraft:recipes/redstone/tripwire_hook": {
    "criteria": {
      "has_string": "2024-10-03 19:09:24 +0000"
    },
    "done": true
  },
  "minecraft:recipes/decorations/candle": {
    "criteria": {
      "has_string": "2024-10-03 19:09:24 +0000"
    },
    "done": true
  },
  "supplementaries:recipes/slingshot": {
    "criteria": {
      "has_string": "2024-10-03 19:09:24 +0000"
    },
    "done": true
  },
  "minecraft:recipes/combat/crossbow": {
    "criteria": {
      "has_string": "2024-10-03 19:09:24 +0000"
    },
    "done": true
  },
  "DataVersion": 3465
}