{
  "uuid": "6b2f7cd2-b945-3ce9-98e4-f8ffb039673e",
  "starterPrompted": true,
  "starterLocked": false,
  "starterSelected": true,
  "starterUUID": "d6030088-c649-41d6-adbd-80778f2f4f38",
  "keyItems": [],
  "battleTheme": "cobblemon:battle.pvp.default",
  "extraData": {
    "cobbledex_discovery": {
      "registers": {
        "froakie": {
          "normal": {
            "isShiny": false,
            "status": "CAUGHT",
            "discoveredTimestamp": 1728178755178,
            "caughtTimestamp": 1728178755178
          }
        },
        "frogadier": {
          "normal": {
            "isShiny": false,
            "status": "CAUGHT",
            "discoveredTimestamp": 1728256926252,
            "caughtTimestamp": 1728256926252
          }
        },
        "pidgey": {
          "normal": {
            "isShiny": false,
            "status": "CAUGHT",
            "discoveredTimestamp": 1728257073747,
            "caughtTimestamp": 1728257073747
          }
        },
        "pidgeotto": {
          "normal": {
            "isShiny": false,
            "status": "CAUGHT",
            "discoveredTimestamp": 1728257112931,
            "caughtTimestamp": 1728257112931
          }
        },
        "mareep": {
          "normal": {
            "isShiny": false,
            "status": "CAUGHT",
            "discoveredTimestamp": 1728259516853,
            "caughtTimestamp": 1728259516853
          }
        },
        "flaaffy": {
          "normal": {
            "isShiny": false,
            "status": "CAUGHT",
            "discoveredTimestamp": 1728259521414,
            "caughtTimestamp": 1728259521414
          }
        },
        "talonflame": {
          "normal": {
            "isShiny": false,
            "status": "CAUGHT",
            "discoveredTimestamp": 1728259588580,
            "caughtTimestamp": 1728259588580
          }
        },
        "arcanine": {
          "normal": {
            "isShiny": false,
            "status": "CAUGHT",
            "discoveredTimestamp": 1728260596477,
            "caughtTimestamp": 1728260596477
          }
        },
        "magikarp": {
          "normal": {
            "isShiny": false,
            "status": "CAUGHT",
            "discoveredTimestamp": 1728261817755,
            "caughtTimestamp": 1728261817755
          }
        },
        "gyarados": {
          "normal": {
            "isShiny": false,
            "status": "CAUGHT",
            "discoveredTimestamp": 1728261825463,
            "caughtTimestamp": 1728261825463
          }
        },
        "gastly": {
          "normal": {
            "isShiny": false,
            "status": "CAUGHT",
            "discoveredTimestamp": 1728263143648,
            "caughtTimestamp": 1728263143648
          }
        },
        "diggersby": {
          "normal": {
            "isShiny": false,
            "status": "CAUGHT",
            "discoveredTimestamp": 1728263831944,
            "caughtTimestamp": 1728263831944
          }
        },
        "haunter": {
          "normal": {
            "isShiny": false,
            "status": "CAUGHT",
            "discoveredTimestamp": 1728268500188,
            "caughtTimestamp": 1728268500188
          }
        },
        "pidgeot": {
          "normal": {
            "isShiny": false,
            "status": "CAUGHT",
            "discoveredTimestamp": 1728268510535,
            "caughtTimestamp": 1728268510535
          }
        },
        "gengar": {
          "normal": {
            "isShiny": false,
            "status": "CAUGHT",
            "discoveredTimestamp": 1728268528844,
            "caughtTimestamp": 1728268528844
          }
        },
        "greninja": {
          "normal": {
            "isShiny": false,
            "status": "CAUGHT",
            "discoveredTimestamp": 1728272661434,
            "caughtTimestamp": 1728272661434
          }
        }
      },
      "name": "cobbledex_discovery"
    },
    "Cobbledex_RewardHistory": {
      "received": [
        "15"
      ],
      "name": "Cobbledex_RewardHistory"
    }
  },
  "advancementData": {
    "totalCaptureCount": 7,
    "totalEggsHatched": 0,
    "totalEvolvedCount": 7,
    "totalBattleVictoryCount": 23,
    "totalPvPBattleVictoryCount": 0,
    "totalPvWBattleVictoryCount": 23,
    "totalPvNBattleVictoryCount": 0,
    "totalShinyCaptureCount": 0,
    "totalTradedCount": 2,
    "totalTypeCaptureCounts": {
      "normal": 2,
      "flying": 2,
      "electric": 1,
      "fire": 2,
      "water": 1,
      "ghost": 1,
      "poison": 1,
      "ground": 1
    },
    "totalDefeatedCounts": {
      "cobblemon:bunnelby": 3,
      "cobblemon:wooloo": 1,
      "cobblemon:mankey": 1,
      "cobblemon:buneary": 1,
      "cobblemon:zigzagoon": 2,
      "cobblemon:pidove": 1,
      "cobblemon:gimmighoul": 1,
      "cobblemon:combee": 1,
      "cobblemon:golem": 1,
      "cobblemon:skiddo": 1,
      "cobblemon:geodude": 4,
      "cobblemon:misdreavus": 1,
      "cobblemon:shroomish": 1,
      "cobblemon:wiglett": 1,
      "cobblemon:zubat": 1,
      "cobblemon:rookidee": 1
    },
    "aspectsCollected": {}
  }
}