{
  "uuid": "9e13211b-1837-330d-afcc-8d0db368599b",
  "starterPrompted": true,
  "starterLocked": false,
  "starterSelected": true,
  "starterUUID": "4dab690a-f8d9-40ad-8cbb-9caca1b2eab9",
  "keyItems": [],
  "battleTheme": "cobblemon:battle.pvp.default",
  "extraData": {
    "cobbledex_discovery": {
      "registers": {
        "froakie": {
          "normal": {
            "isShiny": false,
            "status": "CAUGHT",
            "discoveredTimestamp": 1728178709333,
            "caughtTimestamp": 1728178709333
          }
        },
        "frogadier": {
          "normal": {
            "isShiny": false,
            "status": "CAUGHT",
            "discoveredTimestamp": 1728247050579,
            "caughtTimestamp": 1728247050579
          }
        },
        "pidgey": {
          "normal": {
            "isShiny": false,
            "status": "CAUGHT",
            "discoveredTimestamp": 1728249783570,
            "caughtTimestamp": 1728249783570
          }
        },
        "pidgeotto": {
          "normal": {
            "isShiny": false,
            "status": "CAUGHT",
            "discoveredTimestamp": 1728249795744,
            "caughtTimestamp": 1728249795744
          }
        },
        "tyranitar": {
          "normal": {
            "isShiny": false,
            "status": "CAUGHT",
            "discoveredTimestamp": 1728251029999,
            "caughtTimestamp": 1728251029999
          }
        },
        "growlithe": {
          "normal": {
            "isShiny": false,
            "status": "CAUGHT",
            "discoveredTimestamp": 1728256883282,
            "caughtTimestamp": 1728256883282
          }
        },
        "machop": {
          "normal": {
            "isShiny": false,
            "status": "CAUGHT",
            "discoveredTimestamp": 1728257311459,
            "caughtTimestamp": 1728257311459
          }
        },
        "machoke": {
          "normal": {
            "isShiny": false,
            "status": "CAUGHT",
            "discoveredTimestamp": 1728257321728,
            "caughtTimestamp": 1728257321728
          }
        },
        "greninja": {
          "normal": {
            "isShiny": false,
            "status": "CAUGHT",
            "discoveredTimestamp": 1728257477659,
            "caughtTimestamp": 1728257477659
          }
        },
        "tauros": {
          "paldeaaqua": {
            "isShiny": false,
            "status": "CAUGHT",
            "discoveredTimestamp": 1728259751638,
            "caughtTimestamp": 1728259751638
          }
        },
        "pidgeot": {
          "normal": {
            "isShiny": false,
            "status": "CAUGHT",
            "discoveredTimestamp": 1728260315100,
            "caughtTimestamp": 1728260315100
          }
        },
        "shellder": {
          "normal": {
            "isShiny": true,
            "status": "CAUGHT",
            "discoveredTimestamp": 1728262824710,
            "caughtTimestamp": 1728262824710
          }
        },
        "arcanine": {
          "normal": {
            "isShiny": false,
            "status": "CAUGHT",
            "discoveredTimestamp": 1728266521699,
            "caughtTimestamp": 1728266521699
          }
        },
        "machamp": {
          "normal": {
            "isShiny": false,
            "status": "CAUGHT",
            "discoveredTimestamp": 1728268132230,
            "caughtTimestamp": 1728268132230
          }
        },
        "pidove": {
          "normal": {
            "isShiny": true,
            "status": "CAUGHT",
            "discoveredTimestamp": 1728269072240,
            "caughtTimestamp": 1728269072240
          }
        },
        "wigglytuff": {
          "normal": {
            "isShiny": false,
            "status": "CAUGHT",
            "discoveredTimestamp": 1728271985640,
            "caughtTimestamp": 1728271985640
          }
        },
        "starly": {
          "normal": {
            "isShiny": true,
            "status": "CAUGHT",
            "discoveredTimestamp": 1728276835601,
            "caughtTimestamp": 1728276835601
          }
        },
        "torchic": {
          "normal": {
            "isShiny": false,
            "status": "CAUGHT",
            "discoveredTimestamp": 1728330112884,
            "caughtTimestamp": 1728330112884
          }
        },
        "combusken": {
          "normal": {
            "isShiny": false,
            "status": "CAUGHT",
            "discoveredTimestamp": 1728330142493,
            "caughtTimestamp": 1728330142493
          }
        },
        "munchlax": {
          "normal": {
            "isShiny": false,
            "status": "CAUGHT",
            "discoveredTimestamp": 1728330462093,
            "caughtTimestamp": 1728330462093
          }
        },
        "blaziken": {
          "normal": {
            "isShiny": false,
            "status": "CAUGHT",
            "discoveredTimestamp": 1728331668808,
            "caughtTimestamp": 1728331668808
          }
        }
      },
      "name": "cobbledex_discovery"
    },
    "Cobbledex_RewardHistory": {
      "received": [
        "15"
      ],
      "name": "Cobbledex_RewardHistory"
    }
  },
  "advancementData": {
    "totalCaptureCount": 13,
    "totalEggsHatched": 0,
    "totalEvolvedCount": 8,
    "totalBattleVictoryCount": 127,
    "totalPvPBattleVictoryCount": 1,
    "totalPvWBattleVictoryCount": 126,
    "totalPvNBattleVictoryCount": 0,
    "totalShinyCaptureCount": 3,
    "totalTradedCount": 2,
    "totalTypeCaptureCounts": {
      "normal": 6,
      "flying": 4,
      "rock": 1,
      "dark": 1,
      "fire": 3,
      "fighting": 2,
      "water": 2,
      "fairy": 1
    },
    "totalDefeatedCounts": {
      "cobblemon:sentret": 3,
      "cobblemon:weedle": 1,
      "cobblemon:caterpie": 1,
      "cobblemon:ponyta": 3,
      "cobblemon:phanpy": 2,
      "cobblemon:geodude": 6,
      "cobblemon:spearow": 2,
      "cobblemon:buneary": 5,
      "cobblemon:magikarp": 1,
      "cobblemon:makuhita": 1,
      "cobblemon:rookidee": 5,
      "cobblemon:machoke": 1,
      "cobblemon:taillow": 2,
      "cobblemon:petilil": 1,
      "cobblemon:zigzagoon": 1,
      "cobblemon:starly": 1,
      "cobblemon:breloom": 1,
      "cobblemon:furret": 1,
      "cobblemon:combee": 1,
      "cobblemon:seedot": 1,
      "cobblemon:lechonk": 2,
      "cobblemon:mankey": 1,
      "cobblemon:drilbur": 1,
      "cobblemon:lopunny": 1,
      "cobblemon:talonflame": 1,
      "cobblemon:bouffalant": 6,
      "cobblemon:growlithe": 7,
      "cobblemon:doduo": 1,
      "cobblemon:tauros": 7,
      "cobblemon:cottonee": 1,
      "cobblemon:koffing": 2,
      "cobblemon:meowth": 4,
      "cobblemon:machop": 1,
      "cobblemon:squawkabilly": 2,
      "cobblemon:swellow": 1,
      "cobblemon:scovillain": 2,
      "cobblemon:miltank": 2,
      "cobblemon:natu": 1,
      "cobblemon:voltorb": 3,
      "cobblemon:corvisquire": 1,
      "cobblemon:rapidash": 1,
      "cobblemon:heatmor": 2,
      "cobblemon:arbok": 1,
      "cobblemon:maschiff": 1,
      "cobblemon:persian": 1,
      "cobblemon:gogoat": 1,
      "cobblemon:gumshoos": 1,
      "cobblemon:gastly": 1,
      "cobblemon:primeape": 3,
      "cobblemon:torkoal": 1,
      "cobblemon:vivillon": 1,
      "cobblemon:whimsicott": 1,
      "cobblemon:boltund": 1,
      "cobblemon:graveler": 1,
      "cobblemon:pidgeotto": 1,
      "cobblemon:mareep": 1,
      "cobblemon:herdier": 1,
      "cobblemon:rhyhorn": 1,
      "cobblemon:linoone": 1,
      "cobblemon:tandemaus": 1,
      "cobblemon:marill": 1,
      "cobblemon:diggersby": 1,
      "cobblemon:bisharp": 1,
      "cobblemon:fearow": 1
    },
    "aspectsCollected": {}
  }
}