{
  "uuid": "35a98d54-576f-3009-a7bd-22a366528422",
  "starterPrompted": true,
  "starterLocked": false,
  "starterSelected": true,
  "starterUUID": "2d3f31b3-9c6d-4bb3-8fd4-72e6b6d7ccf6",
  "keyItems": [],
  "battleTheme": "cobblemon:battle.pvp.default",
  "extraData": {
    "cobbledex_discovery": {
      "registers": {
        "chikorita": {
          "normal": {
            "isShiny": false,
            "status": "CAUGHT",
            "discoveredTimestamp": 1728253291454,
            "caughtTimestamp": 1728253291454
          }
        }
      },
      "name": "cobbledex_discovery"
    },
    "Cobbledex_RewardHistory": {
      "received": [],
      "name": "Cobbledex_RewardHistory"
    }
  },
  "advancementData": {
    "totalCaptureCount": 0,
    "totalEggsHatched": 0,
    "totalEvolvedCount": 0,
    "totalBattleVictoryCount": 3,
    "totalPvPBattleVictoryCount": 0,
    "totalPvWBattleVictoryCount": 3,
    "totalPvNBattleVictoryCount": 0,
    "totalShinyCaptureCount": 0,
    "totalTradedCount": 0,
    "totalTypeCaptureCounts": {},
    "totalDefeatedCounts": {
      "cobblemon:voltorb": 1,
      "cobblemon:sentret": 1,
      "cobblemon:meowth": 1
    },
    "aspectsCollected": {}
  }
}